pl_controv_flag,pl_rade,pl_radeerr1,pl_radeerr2,pl_radelim,pl_bmasse,pl_bmasseerr1,pl_bmasseerr2,pl_bmasselim,pl_dens,pl_denserr1,pl_denserr2,pl_denslim,st_met,st_meterr1,st_meterr2,st_metlim
0,1.860,0.240,-0.110,0,4.12000,,,0,3.520000,,,0,-0.130,0.080,-0.080,0
0,1.860,0.330,-0.190,0,4.12000,,,0,3.520000,,,0,0.000,0.147,-0.191,0
0,1.860,0.420,-0.370,0,4.12000,,,0,3.520000,,,0,0.060,0.093,-0.073,0
0,1.856,,,0,4.10000,,,0,3.520000,,,0,0.080,0.150,-0.100,0
0,1.860,0.920,-0.920,0,4.12000,,,0,3.520000,,,0,0.130,0.058,-0.058,0
0,1.860,0.450,-0.450,0,4.12000,,,0,3.520000,,,0,-0.140,0.120,-0.121,0
0,1.860,0.380,-0.380,0,4.12000,,,0,3.520000,,,0,-0.010,0.090,-0.104,0
0,1.860,0.240,-0.190,0,4.12000,,,0,3.520000,,,0,-0.300,0.150,-0.150,0
0,1.860,0.250,-0.170,0,4.12000,,,0,3.520000,,,0,-0.100,0.115,-0.122,0
0,2.050,0.140,-0.150,0,5.42000,0.61000,-0.57000,0,3.528714,0.827042,-0.661634,0,-0.200,0.150,-0.150,0
0,1.860,,,0,4.13000,0.66000,-1.14000,0,3.530000,,,0,,,,
0,1.850,0.161,-0.154,0,4.08000,,,0,3.540000,,,0,-0.238,0.235,-0.235,0
0,1.850,,,0,4.08000,2.58000,-2.08000,0,3.540000,,,0,,,,
0,1.850,0.330,-0.160,0,4.08000,,,0,3.540000,,,0,0.020,0.132,-0.165,0
0,1.850,0.370,-0.160,0,4.08000,,,0,3.540000,,,0,0.030,0.138,-0.162,0
0,1.850,0.100,-0.100,0,4.08000,,,0,3.540000,,,0,-0.263,0.041,-0.041,0
0,1.850,0.270,-0.270,0,4.08000,,,0,3.540000,,,0,0.090,0.123,-0.084,0
0,1.850,0.940,-0.940,0,4.08000,,,0,3.540000,,,0,0.140,0.150,-0.150,0
0,1.850,0.380,-0.380,0,4.08000,,,0,3.540000,,,0,0.041,0.028,-0.028,0
0,1.850,0.310,-0.250,0,4.08000,,,0,3.540000,,,0,0.150,0.094,-0.091,0
0,1.850,0.320,-0.410,0,4.08000,,,0,3.540000,,,0,-0.020,0.129,-0.177,0
0,0.497,0.021,-0.017,0,0.07930,,,0,3.550000,,,0,-0.550,0.070,-0.070,0
0,1.840,0.300,-0.180,0,4.04000,,,0,3.560000,,,0,-0.090,0.159,-0.190,0
0,1.840,0.260,-0.140,0,4.04000,,,0,3.560000,,,0,-0.040,0.148,-0.177,0
0,1.844,,,0,4.06000,,,0,3.560000,,,0,0.560,0.050,-0.300,0
0,1.840,0.500,-0.200,0,4.04000,,,0,3.560000,,,0,0.060,0.145,-0.165,0
0,1.840,0.660,-0.260,0,4.04000,,,0,3.560000,,,0,0.050,0.139,-0.141,0
0,1.840,0.110,-0.110,0,4.04000,,,0,3.560000,,,0,-0.160,,,0
0,1.840,0.100,-0.100,0,4.04000,,,0,3.560000,,,0,-0.040,0.089,-0.079,0
0,1.840,1.000,-1.000,0,4.04000,,,0,3.560000,,,0,-0.211,0.014,-0.014,0
0,1.840,0.190,-0.190,0,4.04000,,,0,3.560000,,,0,0.118,0.014,-0.014,0
0,1.840,0.580,-0.580,0,4.04000,,,0,3.560000,,,0,-0.030,0.143,-0.152,0
0,1.840,1.080,-1.080,0,4.04000,,,0,3.560000,,,0,0.180,0.150,-0.150,0
0,1.840,0.400,-0.240,0,4.04000,,,0,3.560000,,,0,-0.080,0.153,-0.194,0
0,1.840,0.270,-0.170,0,4.04000,,,0,3.560000,,,0,0.080,0.079,-0.077,0
0,1.837,,,0,4.03000,,,0,3.570000,,,0,-0.220,0.300,-0.300,0
0,1.835,,,0,4.02000,,,0,3.580000,,,0,0.160,0.150,-0.150,0
0,1.830,,,0,4.00000,0.40000,-0.40000,0,3.590000,,,0,-0.030,0.160,-0.160,0
0,1.830,,,0,4.00000,1.00000,-1.00000,0,3.590000,,,0,0.180,0.080,-0.080,0
0,1.830,,,0,4.00000,0.30000,-0.30000,0,3.590000,,,0,-0.610,0.020,-0.020,0
0,1.830,,,0,4.00000,0.60000,-0.60000,0,3.590000,,,0,-0.610,0.020,-0.020,0
0,1.830,,,0,4.00000,0.80000,-0.70000,0,3.590000,,,0,-0.310,0.030,-0.030,0
0,1.830,,,0,4.00000,0.53000,-0.55000,0,3.590000,,,0,-0.200,0.200,-0.200,0
0,1.820,,,0,3.95000,0.42000,-0.43000,0,3.600000,,,0,0.130,0.160,-0.160,0
0,1.830,0.130,-0.120,0,4.01000,,,0,3.600000,,,0,,,,
0,1.830,0.100,-0.340,0,4.01000,,,0,3.600000,,,0,-0.090,0.087,-0.084,0
0,1.830,0.360,-0.360,0,4.01000,,,0,3.600000,,,0,-0.150,0.021,-0.021,0
0,1.510,0.040,-0.040,0,2.30000,0.60000,-0.50000,0,3.600000,1.100000,-0.900000,0,-0.180,0.100,-0.100,0
0,1.510,0.040,-0.040,0,2.10000,0.60000,-0.70000,0,3.600000,1.100000,-1.100000,0,-0.180,0.100,-0.100,0
0,1.830,0.300,-0.160,0,4.01000,,,0,3.600000,,,0,-0.020,0.143,-0.187,0
0,1.824,,,0,3.98000,,,0,3.600000,,,0,-0.260,0.300,-0.300,0
0,1.828,,,0,4.00000,,,0,3.600000,,,0,-0.220,0.300,-0.300,0
0,1.830,0.560,-0.310,0,4.01000,,,0,3.600000,,,0,0.040,0.105,-0.123,0
0,0.850,0.061,-0.047,0,0.40000,0.16000,-0.15000,0,3.600000,1.400000,-1.500000,0,-0.460,0.260,-0.260,0
0,2.287,0.108,-0.110,0,7.72000,1.67000,-1.52000,0,3.600000,1.200000,-0.830000,0,-0.230,0.050,-0.050,0
0,1.820,,,0,3.96000,5.88000,-2.66000,0,3.610000,,,0,,,,
0,1.820,0.610,-0.240,0,3.97000,,,0,3.620000,,,0,0.010,0.136,-0.185,0
0,1.820,0.320,-0.170,0,3.97000,,,0,3.620000,,,0,-0.020,0.139,-0.182,0
0,1.820,0.290,-0.140,0,3.97000,,,0,3.620000,,,0,0.080,0.166,-0.158,0
0,1.820,0.160,-0.150,0,3.97000,,,0,3.620000,,,0,-0.050,0.167,-0.170,0
0,1.820,0.120,-0.120,0,3.97000,,,0,3.620000,,,0,-0.170,0.091,-0.124,0
0,1.820,0.190,-0.190,0,3.97000,,,0,3.620000,,,0,0.118,0.014,-0.014,0
0,1.820,0.310,-0.210,0,3.97000,,,0,3.620000,,,0,0.010,0.135,-0.169,0
0,1.820,0.370,-0.240,0,3.97000,,,0,3.620000,,,0,0.030,0.081,-0.096,0
0,1.810,0.350,-0.350,0,3.93000,,,0,3.640000,,,0,-0.105,0.012,-0.012,0
0,1.814,,,0,3.95000,,,0,3.640000,,,0,-0.200,0.300,-0.300,0
0,1.810,0.330,-0.330,0,3.93000,,,0,3.640000,,,0,-0.023,0.012,-0.012,0
0,1.810,,,0,3.93000,0.83000,-0.64000,0,3.640000,,,0,-0.520,0.010,-0.010,0
0,1.810,,,0,3.93000,1.05000,-1.37000,0,3.640000,,,0,-0.520,0.010,-0.010,0
0,0.520,0.060,-0.050,0,0.09330,,,0,3.650000,,,0,-0.130,0.078,-0.074,0
0,1.802,0.245,-0.158,0,3.90000,,,0,3.660000,,,0,-0.110,0.080,-0.080,0
0,1.802,,,0,3.90000,,,0,3.660000,,,0,-0.240,0.300,-0.300,0
0,1.800,0.200,-0.100,0,3.89000,,,0,3.670000,,,0,-0.300,0.200,-0.200,0
0,1.800,0.300,-0.100,0,3.89000,,,0,3.670000,,,0,-0.100,0.100,-0.100,0
0,1.800,0.580,-0.200,0,3.89000,,,0,3.670000,,,0,-0.030,0.146,-0.200,0
0,1.800,0.370,-0.130,0,3.89000,,,0,3.670000,,,0,-0.060,0.158,-0.166,0
0,1.800,0.350,-0.350,0,3.89000,,,0,3.670000,,,0,-0.039,0.014,-0.014,0
0,1.800,0.870,-0.870,0,3.89000,,,0,3.670000,,,0,0.140,0.150,-0.150,0
0,1.800,,,0,3.90000,0.20000,-0.20000,0,3.670000,,,0,,,,
0,1.800,0.120,-0.120,0,3.89000,,,0,3.670000,,,0,,,,
0,2.350,0.080,-0.070,0,8.70000,1.70000,-1.70000,0,3.680000,0.860000,-0.770000,0,-0.315,0.060,-0.060,0
0,1.794,,,0,3.87000,,,0,3.680000,,,0,0.020,0.250,-0.300,0
0,1.794,,,0,3.87000,,,0,3.680000,,,0,0.040,0.150,-0.150,0
0,2.050,0.060,-0.060,0,5.77000,0.18000,-0.18000,0,3.690000,0.210000,-0.210000,0,-0.020,0.120,-0.120,0
0,1.900,0.300,-0.300,0,4.60000,0.30000,-0.30000,0,3.690000,,,0,0.060,0.200,-0.300,0
0,1.241,0.024,-0.026,0,1.30000,,,1,3.700000,,,1,-0.260,0.090,-0.090,0
0,1.790,0.100,-0.060,0,3.86000,,,0,3.700000,,,0,0.180,0.090,-0.100,0
0,1.690,0.170,-0.170,0,3.30000,1.20000,-1.20000,0,3.700000,2.100000,-1.500000,0,-0.010,0.090,-0.090,0
0,1.790,0.140,-0.100,0,3.86000,,,0,3.700000,,,0,0.080,0.080,-0.080,0
0,1.790,0.250,-0.160,0,3.86000,,,0,3.700000,,,0,0.080,0.144,-0.140,0
0,1.790,0.390,-0.390,0,3.86000,,,0,3.700000,,,0,0.010,0.090,-0.107,0
0,1.790,0.810,-0.810,0,3.86000,,,0,3.700000,,,0,0.010,0.129,-0.165,0
0,1.790,0.360,-0.360,0,3.86000,,,0,3.700000,,,0,-0.104,0.012,-0.012,0
0,1.790,0.200,-0.130,0,3.86000,,,0,3.700000,,,0,-0.030,0.153,-0.168,0
0,1.790,0.760,-0.270,0,3.86000,,,0,3.700000,,,0,0.060,0.131,-0.140,0
0,1.780,0.480,-0.220,0,3.82000,,,0,3.720000,,,0,0.010,0.140,-0.172,0
0,1.780,0.120,-0.140,0,3.82000,,,0,3.720000,,,0,0.010,0.152,-0.152,0
0,1.780,0.090,-0.070,0,3.82000,,,0,3.720000,,,0,0.020,0.113,-0.109,0
0,1.780,0.430,-0.200,0,3.82000,,,0,3.720000,,,0,0.040,0.138,-0.158,0
0,1.780,0.450,-0.450,0,3.82000,,,0,3.720000,,,0,-0.197,0.012,-0.012,0
0,1.780,0.470,-0.210,0,3.82000,,,0,3.720000,,,0,0.030,0.140,-0.164,0
0,1.780,0.430,-0.320,0,3.82000,,,0,3.720000,,,0,0.000,0.149,-0.181,0
0,1.780,0.170,-0.130,0,3.82000,,,0,3.720000,,,0,-0.130,0.105,-0.110,0
0,1.781,,,0,3.83000,,,0,3.730000,,,0,-0.080,0.300,-0.300,0
0,1.770,0.520,-0.480,0,3.78000,,,0,3.750000,,,0,0.080,0.143,-0.142,0
0,1.770,0.510,-0.280,0,3.78000,,,0,3.750000,,,0,0.010,0.136,-0.183,0
0,1.770,0.050,-0.140,0,3.78000,,,0,3.750000,,,0,-0.140,0.090,-0.095,0
0,1.770,0.350,-0.190,0,3.78000,,,0,3.750000,,,0,-0.060,0.174,-0.175,0
0,1.770,0.230,-0.180,0,3.78000,,,0,3.750000,,,0,-0.130,0.174,-0.192,0
0,1.770,0.340,-0.340,0,3.78000,,,0,3.750000,,,0,0.021,0.013,-0.013,0
0,1.770,0.420,-0.420,0,3.78000,,,0,3.750000,,,0,-0.443,0.012,-0.012,0
0,1.770,0.370,-0.370,0,3.78000,,,0,3.750000,,,0,0.070,0.079,-0.069,0
0,1.770,0.430,-0.430,0,3.78000,,,0,3.750000,,,0,-0.120,0.110,-0.112,0
0,1.770,0.830,-0.830,0,3.78000,,,0,3.750000,,,0,0.160,0.150,-0.150,0
0,1.770,0.340,-0.340,0,3.78000,,,0,3.750000,,,0,0.121,0.024,-0.024,0
0,1.600,0.080,-0.070,0,4.13000,0.81000,-0.95000,0,3.750000,0.890000,-0.970000,0,0.040,0.080,-0.080,0
0,1.770,0.270,-0.270,0,3.78000,,,0,3.750000,,,0,0.211,0.014,-0.014,0
0,1.770,0.410,-0.210,0,3.78000,,,0,3.750000,,,0,0.040,0.137,-0.147,0
0,1.770,0.590,-0.240,0,3.78000,,,0,3.750000,,,0,0.050,0.129,-0.144,0
0,1.770,,,0,3.79832,0.33264,-0.31213,0,3.760000,,,0,0.230,0.100,-0.100,0
0,1.600,0.180,-0.180,0,2.80000,0.60000,-0.60000,0,3.760000,,,0,0.229,0.015,-0.015,0
0,1.770,,,0,3.80000,1.50000,-1.20000,0,3.770000,,,0,-0.550,0.100,-0.100,0
0,1.764,,,0,3.76000,,,0,3.770000,,,0,0.080,0.150,-0.150,0
0,1.760,,,0,3.75000,0.48000,-0.47000,0,3.780000,,,0,0.100,0.190,-0.190,0
0,1.760,0.090,-0.100,0,3.75000,,,0,3.780000,,,0,0.110,0.142,-0.190,0
0,1.760,0.060,-0.080,0,3.75000,,,0,3.780000,,,0,0.000,0.093,-0.100,0
0,1.760,0.300,-0.300,0,3.75000,,,0,3.780000,,,0,0.282,0.019,-0.019,0
0,1.760,0.060,-0.310,0,3.75000,,,0,3.780000,,,0,-0.010,0.100,-0.108,0
0,1.760,0.080,-0.060,0,3.75000,,,0,3.780000,,,0,-0.210,0.096,-0.098,0
0,1.760,0.140,-0.130,0,3.75000,,,0,3.780000,,,0,-0.050,0.140,-0.167,0
0,1.750,0.130,-0.100,0,3.71000,,,0,3.800000,,,0,-0.290,0.030,-0.030,0
0,1.750,0.820,-0.290,0,3.71000,,,0,3.800000,,,0,0.050,0.135,-0.144,0
0,1.750,0.090,-0.090,0,3.71000,,,0,3.800000,,,0,-0.460,0.097,-0.094,0
0,1.750,0.280,-0.170,0,3.71000,,,0,3.800000,,,0,0.010,0.135,-0.168,0
0,1.750,0.880,-0.270,0,3.71000,,,0,3.800000,,,0,0.060,0.134,-0.141,0
0,1.750,0.490,-0.190,0,3.71000,,,0,3.800000,,,0,0.030,0.156,-0.166,0
0,1.750,0.410,-0.410,0,3.71000,,,0,3.800000,,,0,-0.443,0.012,-0.012,0
0,1.750,0.080,-0.060,0,3.71000,,,0,3.800000,,,0,0.050,0.106,-0.098,0
0,1.750,0.940,-0.940,0,3.71000,,,0,3.800000,,,0,0.187,0.036,-0.036,0
0,1.750,0.840,-0.840,0,3.71000,,,0,3.800000,,,0,0.160,0.150,-0.150,0
0,1.750,0.320,-0.320,0,3.71000,,,0,3.800000,,,0,0.079,0.011,-0.011,0
0,1.750,,,0,3.71000,,,0,3.800000,,,0,0.200,0.100,-0.100,0
0,1.750,0.310,-0.200,0,3.71000,,,0,3.800000,,,0,-0.120,0.165,-0.201,0
0,1.425,0.037,-0.037,0,2.00000,0.23000,-0.23000,0,3.800000,0.500000,-0.500000,0,-0.400,0.050,-0.050,0
0,1.747,,,0,3.70000,,,0,3.810000,,,0,0.160,0.150,-0.150,0
0,1.740,0.170,-0.120,0,3.68000,,,0,3.840000,,,0,-0.090,0.040,-0.040,0
0,1.736,0.125,-0.119,0,3.66000,,,0,3.840000,,,0,-0.176,0.235,-0.235,0
0,1.740,0.680,-0.340,0,3.68000,,,0,3.840000,,,0,0.090,0.137,-0.143,0
0,1.740,0.540,-0.540,0,3.68000,,,0,3.840000,,,0,0.030,0.101,-0.099,0
0,1.740,0.180,-0.180,0,3.68000,,,0,3.840000,,,0,0.025,0.002,-0.002,0
0,1.740,0.090,-0.100,0,3.68000,,,0,3.840000,,,0,-0.070,0.164,-0.164,0
0,1.740,0.400,-0.210,0,3.68000,,,0,3.840000,,,0,0.060,0.137,-0.129,0
0,1.734,,,0,3.66000,,,0,3.850000,,,0,0.140,0.150,-0.150,0
0,1.710,0.310,-0.140,0,3.50000,3.40000,-2.90000,0,3.850000,,,0,0.050,0.102,-0.102,0
0,1.730,0.140,-0.130,0,3.64000,,,0,3.860000,,,0,,,,
0,1.730,0.240,-0.210,0,3.64000,,,0,3.860000,,,0,-0.110,0.120,-0.120,0
0,1.730,0.120,-0.150,0,3.64000,,,0,3.860000,,,0,-0.150,0.160,-0.236,0
0,1.730,0.810,-0.250,0,3.64000,,,0,3.860000,,,0,0.030,0.132,-0.175,0
0,1.730,0.210,-0.140,0,3.64000,,,0,3.860000,,,0,-0.260,0.141,-0.152,0
0,1.730,0.210,-0.110,0,3.64000,,,0,3.860000,,,0,0.030,0.126,-0.164,0
0,1.730,0.120,-0.180,0,3.64000,,,0,3.860000,,,0,-0.060,0.120,-0.160,0
0,1.730,0.410,-0.190,0,3.64000,,,0,3.860000,,,0,0.030,0.140,-0.164,0
0,1.730,0.470,-0.190,0,3.64000,,,0,3.860000,,,0,0.030,0.136,-0.178,0
0,1.730,0.230,-0.140,0,3.64000,,,0,3.860000,,,0,-0.070,0.157,-0.175,0
0,1.730,0.160,-0.190,0,3.64000,,,0,3.860000,,,0,-0.240,0.201,-0.239,0
0,1.730,0.150,-0.100,0,3.64000,,,0,3.860000,,,0,-0.030,0.150,-0.168,0
0,1.730,0.400,-0.400,0,3.64000,,,0,3.860000,,,0,0.230,0.076,-0.080,0
0,1.730,0.100,-0.100,0,3.64000,,,0,3.860000,,,0,-0.200,0.100,-0.100,0
0,0.570,0.180,-0.180,0,0.13000,,,0,3.860000,,,0,-0.330,0.120,-0.120,0
0,2.390,0.100,-0.090,0,9.70000,1.80000,-1.70000,0,3.880000,0.910000,-0.800000,0,0.000,0.090,-0.090,0
0,1.720,,,0,3.60000,0.50000,-0.50000,0,3.890000,,,0,-0.260,,,0
0,1.720,0.190,-0.140,0,3.61000,,,0,3.900000,,,0,0.000,0.078,-0.083,0
0,1.718,0.070,-0.070,0,3.60000,,,0,3.900000,,,0,0.020,0.067,-0.067,0
0,1.717,,,0,3.59000,,,0,3.900000,,,0,0.100,0.100,-0.150,0
0,1.720,0.790,-0.790,0,3.61000,,,0,3.900000,,,0,0.130,0.152,-0.144,0
0,1.720,0.850,-0.850,0,3.61000,,,0,3.900000,,,0,-0.040,0.250,-0.260,0
0,1.720,0.280,-0.190,0,3.61000,,,0,3.900000,,,0,0.360,0.067,-0.071,0
0,1.720,0.090,-0.090,0,3.61000,,,0,3.900000,,,0,-0.390,0.059,-0.060,0
0,1.720,0.400,-0.150,0,3.61000,,,0,3.900000,,,0,0.030,0.131,-0.160,0
0,2.300,0.160,-0.150,0,8.60000,1.60000,-1.30000,0,3.900000,1.000000,-0.900000,0,0.280,0.110,-0.130,0
0,1.720,0.100,-0.100,0,3.61000,,,0,3.900000,,,0,-0.140,0.070,-0.070,0
0,1.715,0.061,-0.047,0,3.59000,,,0,3.910000,,,0,0.140,0.150,-0.150,0
0,1.714,,,0,3.58000,,,0,3.910000,,,0,-0.080,0.250,-0.300,0
0,2.190,0.070,-0.070,0,7.49000,0.24000,-0.24000,0,3.920000,0.270000,-0.270000,0,-0.020,0.120,-0.120,0
0,1.710,0.250,-0.250,0,3.57000,,,0,3.920000,,,0,0.110,0.080,-0.080,0
0,1.710,0.060,-0.050,0,3.57000,,,0,3.920000,,,0,0.040,0.070,-0.057,0
0,1.710,0.120,-0.110,0,3.57000,,,0,3.920000,,,0,0.000,0.089,-0.092,0
0,1.710,0.120,-0.120,0,3.57000,,,0,3.920000,,,0,-0.050,0.163,-0.175,0
0,1.710,0.270,-0.350,0,3.57000,,,0,3.920000,,,0,0.050,0.082,-0.050,0
0,1.710,0.130,-0.110,0,3.57000,,,0,3.920000,,,0,-0.020,0.146,-0.147,0
0,1.710,0.170,-0.170,0,3.57000,,,0,3.920000,,,0,0.062,0.031,-0.031,0
0,1.710,0.400,-0.400,0,3.57000,,,0,3.920000,,,0,0.020,0.085,-0.087,0
0,1.710,0.340,-0.230,0,3.57000,,,0,3.920000,,,0,-0.290,0.150,-0.150,0
0,1.706,,,0,3.55000,,,0,3.930000,,,0,0.160,0.150,-0.150,0
0,1.700,0.590,-0.310,0,3.53000,,,0,3.950000,,,0,-0.220,0.060,-0.060,0
0,1.700,0.200,-0.200,0,3.53000,,,0,3.950000,,,0,0.006,0.120,-0.120,0
0,1.700,0.290,-0.200,0,3.53000,,,0,3.950000,,,0,-0.510,0.106,-0.121,0
0,1.700,0.240,-0.130,0,3.53000,,,0,3.950000,,,0,0.040,0.135,-0.153,0
0,1.700,0.300,-0.130,0,3.53000,,,0,3.950000,,,0,0.040,0.138,-0.166,0
0,1.700,0.070,-0.110,0,3.53000,,,0,3.950000,,,0,0.100,0.154,-0.167,0
0,1.700,0.330,-0.330,0,3.53000,,,0,3.950000,,,0,-0.010,0.098,-0.113,0
0,1.700,0.860,-0.860,0,3.53000,,,0,3.950000,,,0,0.140,0.150,-0.150,0
0,1.700,0.610,-0.250,0,3.53000,,,0,3.950000,,,0,-0.020,0.139,-0.178,0
0,1.700,0.310,-0.250,0,3.53000,,,0,3.950000,,,0,0.150,0.079,-0.084,0
0,1.700,,,0,3.53853,0.84928,-0.77112,0,3.960000,,,0,-0.230,0.050,-0.050,0
0,1.700,,,0,3.54000,1.95000,-1.63000,0,3.960000,,,0,,,,
0,2.160,0.080,-0.080,0,7.25000,1.19000,-1.12000,0,3.970000,0.780000,-0.730000,0,0.018,0.057,-0.043,0
0,1.693,0.146,-0.132,0,3.51000,,,0,3.970000,,,0,-0.008,0.235,-0.235,0
0,0.600,0.090,-0.050,0,0.15600,,,0,3.970000,,,0,-0.070,0.149,-0.174,0
0,1.690,,,0,3.50000,0.40000,-0.40000,0,3.980000,,,0,-0.180,0.010,-0.010,0
0,1.692,0.136,-0.126,0,3.51000,,,0,3.980000,,,0,-0.388,0.235,-0.235,0
0,1.690,0.100,-0.090,0,3.50000,,,0,3.980000,,,0,-0.020,0.146,-0.160,0
0,1.690,0.620,-0.140,0,3.50000,,,0,3.980000,,,0,-0.020,0.143,-0.180,0
0,1.690,0.800,-0.800,0,3.50000,,,0,3.980000,,,0,0.020,0.147,-0.184,0
0,1.690,0.730,-0.730,0,3.50000,,,0,3.980000,,,0,0.160,0.150,-0.150,0
0,1.690,0.390,-0.170,0,3.50000,,,0,3.980000,,,0,0.050,0.136,-0.146,0
0,1.690,0.100,-0.070,0,3.50000,,,0,3.980000,,,0,-0.270,0.143,-0.138,0
0,1.690,0.370,-0.290,0,3.50000,,,0,3.980000,,,0,-0.100,0.120,-0.132,0
0,1.690,0.480,-0.280,0,3.50000,,,0,3.980000,,,0,0.070,0.093,-0.079,0
0,1.690,0.080,-0.070,0,3.50000,,,0,3.980000,,,0,0.130,0.133,-0.211,0
0,1.992,0.085,-0.090,0,5.72000,0.70000,-0.68000,0,3.980000,0.770000,-0.660000,0,-0.040,0.050,-0.050,0
0,1.689,0.180,-0.139,0,3.50000,,,0,3.990000,,,0,-0.244,0.235,-0.235,0
0,0.610,0.170,-0.050,0,0.16500,,,0,3.990000,,,0,0.010,0.153,-0.255,0
0,1.680,,,0,3.46000,,,0,4.010000,,,0,0.140,0.150,-0.150,0
0,1.680,0.260,-0.180,0,3.46000,,,0,4.010000,,,0,0.040,0.095,-0.092,0
0,1.680,0.370,-0.180,0,3.46000,,,0,4.010000,,,0,0.040,0.144,-0.158,0
0,1.680,0.370,-0.180,0,3.46000,,,0,4.010000,,,0,0.040,0.143,-0.169,0
0,1.680,0.690,-0.240,0,3.46000,,,0,4.010000,,,0,0.140,0.152,-0.140,0
0,1.680,0.730,-0.310,0,3.46000,,,0,4.010000,,,0,0.060,0.132,-0.139,0
0,1.680,0.760,-0.760,0,3.46000,,,0,4.010000,,,0,0.140,0.150,-0.150,0
0,1.682,,,0,3.47000,,,0,4.010000,,,0,0.070,0.250,-0.300,0
0,1.681,,,0,3.47000,,,0,4.010000,,,0,0.140,0.150,-0.150,0
0,1.680,0.100,-0.130,0,3.46000,,,0,4.010000,,,0,-0.090,0.147,-0.186,0
0,1.680,0.180,-0.130,0,3.46000,,,0,4.010000,,,0,-0.020,0.097,-0.107,0
0,1.680,0.070,-0.240,0,3.46000,,,0,4.010000,,,0,-0.240,0.120,-0.142,0
0,1.680,0.270,-0.210,0,3.46000,,,0,4.010000,,,0,-0.070,0.156,-0.173,0
0,1.680,0.110,-0.110,0,3.46000,,,0,4.010000,,,0,,,,
0,1.679,0.165,-0.125,0,3.46000,,,0,4.020000,,,0,-0.110,0.080,-0.080,0
0,1.679,0.167,-0.096,0,3.46000,,,0,4.020000,,,0,0.130,0.080,-0.080,0
0,1.677,0.118,-0.109,0,3.45000,,,0,4.020000,,,0,-0.171,0.235,-0.235,0
0,0.615,0.080,-0.080,0,0.17000,,,0,4.020000,,,0,,,,
0,1.674,0.069,-0.069,0,3.44000,,,0,4.030000,,,0,0.020,0.067,-0.067,0
0,2.043,0.069,-0.069,0,6.27000,0.85000,-0.84000,0,4.030000,0.720000,-0.640000,0,-0.470,0.080,-0.080,0
0,1.671,,,0,3.43000,,,0,4.040000,,,0,0.000,0.150,-0.150,0
0,1.670,0.250,-0.110,0,3.43000,,,0,4.050000,,,0,0.050,0.144,-0.153,0
0,1.670,0.130,-0.110,0,3.43000,,,0,4.050000,,,0,-0.060,0.150,-0.171,0
0,1.670,0.420,-0.230,0,3.43000,,,0,4.050000,,,0,0.030,0.137,-0.161,0
0,1.670,0.370,-0.130,0,3.43000,,,0,4.050000,,,0,0.060,0.138,-0.155,0
0,1.670,0.110,-0.080,0,3.43000,,,0,4.050000,,,0,0.070,0.146,-0.155,0
0,0.624,,,0,0.17900,,,0,4.050000,,,0,0.240,0.150,-0.150,0
0,1.670,0.390,-0.390,0,3.43000,,,0,4.050000,,,0,-0.071,0.014,-0.014,0
0,1.670,0.800,-0.800,0,3.43000,,,0,4.050000,,,0,0.160,0.150,-0.150,0
0,1.670,0.760,-0.760,0,3.43000,,,0,4.050000,,,0,0.040,0.138,-0.165,0
0,1.670,0.180,-0.180,0,3.43000,,,0,4.050000,,,0,0.050,0.099,-0.100,0
0,1.666,0.160,-0.095,0,3.42000,,,0,4.060000,,,0,-0.060,0.080,-0.080,0
0,1.666,1.221,-0.179,0,3.41000,,,0,4.060000,,,0,-0.100,0.080,-0.080,0
0,1.663,,,0,3.40000,,,0,4.060000,,,0,0.280,0.150,-0.300,0
0,1.660,0.210,-0.190,0,3.39000,,,0,4.070000,,,0,0.194,0.080,-0.080,0
0,1.660,0.130,-0.130,0,3.39000,,,0,4.070000,,,0,,,,
0,1.660,0.100,-0.180,0,3.39000,,,0,4.070000,,,0,-0.040,0.142,-0.169,0
0,1.660,0.220,-0.130,0,3.39000,,,0,4.070000,,,0,0.030,0.137,-0.157,0
0,1.660,0.080,-0.140,0,3.39000,,,0,4.070000,,,0,0.000,0.150,-0.167,0
0,1.660,0.290,-0.160,0,3.39000,,,0,4.070000,,,0,0.030,0.147,-0.162,0
0,1.660,0.290,-0.160,0,3.39000,,,0,4.070000,,,0,0.010,0.134,-0.172,0
0,1.660,0.310,-0.310,0,3.39000,,,0,4.070000,,,0,0.060,0.076,-0.072,0
0,1.660,0.860,-0.860,0,3.39000,,,0,4.070000,,,0,0.020,0.127,-0.154,0
0,1.660,0.280,-0.100,0,3.39000,,,0,4.070000,,,0,-0.030,0.094,-0.099,0
0,1.660,,,0,3.40000,0.46000,-0.46000,0,4.080000,,,0,-0.120,0.160,-0.160,0
0,1.660,,,0,3.40000,,,0,4.080000,,,0,0.040,0.150,-0.150,0
0,1.656,,,0,3.38000,,,0,4.090000,,,0,-0.140,0.150,-0.150,0
0,1.650,,,0,3.35000,0.38000,-0.34000,0,4.100000,,,0,,,,
0,2.150,0.100,-0.100,0,7.30000,6.80000,-6.80000,0,4.100000,3.900000,-3.900000,0,0.050,0.040,-0.040,0
0,1.530,0.270,-0.250,0,2.96000,,,0,4.100000,,,0,-0.080,0.280,-0.300,0
0,1.660,,,0,3.41000,0.43000,-0.41000,0,4.100000,,,0,-0.090,0.090,-0.090,0
0,2.370,0.220,-0.220,0,8.92000,1.70000,-1.60000,0,4.110000,1.720000,-1.180000,0,0.120,0.160,-0.160,0
0,1.650,0.160,-0.080,0,3.36000,,,0,4.110000,,,0,-0.100,0.180,-0.250,0
0,1.650,0.490,-0.230,0,3.36000,,,0,4.110000,,,0,0.000,0.125,-0.171,0
0,1.650,0.400,-0.130,0,3.36000,,,0,4.110000,,,0,0.080,0.139,-0.151,0
0,1.650,0.350,-0.170,0,3.36000,,,0,4.110000,,,0,0.100,0.148,-0.139,0
0,0.640,0.070,-0.050,0,0.19600,,,0,4.110000,,,0,-0.070,0.162,-0.163,0
0,1.652,,,0,3.37000,,,0,4.110000,,,0,0.000,0.150,-0.150,0
0,1.650,0.240,-0.110,0,3.36000,,,0,4.110000,,,0,0.030,0.141,-0.166,0
0,1.650,0.780,-0.780,0,3.36000,,,0,4.110000,,,0,0.160,0.150,-0.150,0
0,1.650,0.300,-0.300,0,3.36000,,,0,4.110000,,,0,0.084,0.021,-0.021,0
0,1.650,0.510,-0.150,0,3.36000,,,0,4.110000,,,0,0.060,0.155,-0.165,0
0,0.645,,,0,0.20200,,,0,4.140000,,,0,0.100,0.150,-0.150,0
0,1.640,0.240,-0.210,0,3.33000,,,0,4.150000,,,0,-0.110,0.120,-0.120,0
0,1.640,0.200,-0.180,0,3.33000,,,0,4.150000,,,0,0.110,0.120,-0.120,0
0,1.640,0.340,-0.180,0,3.33000,,,0,4.150000,,,0,0.000,0.138,-0.171,0
0,1.640,0.100,-0.090,0,3.33000,,,0,4.150000,,,0,0.030,0.155,-0.171,0
0,1.640,0.090,-0.080,0,3.33000,,,0,4.150000,,,0,0.070,0.147,-0.150,0
0,1.640,0.130,-0.140,0,3.33000,,,0,4.150000,,,0,-0.040,0.169,-0.175,0
0,1.640,0.160,-0.160,0,3.33000,,,0,4.150000,,,0,-0.199,0.005,-0.005,0
0,1.640,0.140,-0.100,0,3.33000,,,0,4.150000,,,0,0.350,0.054,-0.054,0
0,1.640,0.210,-0.110,0,3.33000,,,0,4.150000,,,0,0.030,0.141,-0.166,0
0,1.640,0.680,-0.680,0,3.33000,,,0,4.150000,,,0,0.123,0.050,-0.050,0
0,1.640,0.120,-0.120,0,3.33000,,,0,4.150000,,,0,-0.125,0.015,-0.015,0
0,1.640,0.460,-0.460,0,3.33000,,,0,4.150000,,,0,0.050,0.159,-0.168,0
0,1.640,0.680,-0.680,0,3.33000,,,0,4.150000,,,0,-0.338,0.013,-0.013,0
0,1.640,0.170,-0.170,0,3.33000,,,0,4.150000,,,0,0.118,0.014,-0.014,0
0,1.640,0.770,-0.770,0,3.33000,,,0,4.150000,,,0,-0.218,0.057,-0.057,0
0,1.640,0.220,-0.240,0,3.33000,,,0,4.150000,,,0,-0.570,0.180,-0.180,0
0,1.640,0.920,-0.920,0,3.33000,,,0,4.150000,,,0,0.370,0.052,-0.053,0
0,1.640,0.260,-0.190,0,3.33000,,,0,4.150000,,,0,0.180,0.091,-0.087,0
0,1.640,0.200,-0.130,0,3.33000,,,0,4.150000,,,0,-0.060,0.145,-0.181,0
0,1.640,0.190,-0.140,0,3.33000,,,0,4.150000,,,0,0.120,0.040,-0.040,0
0,2.064,0.044,-0.044,0,6.64000,0.67000,-0.68000,0,4.150000,,,0,-0.040,0.070,-0.070,0
0,1.630,,,0,3.28000,0.64000,-0.64000,0,4.160000,,,0,0.020,0.090,-0.090,0
0,0.650,0.050,-0.040,0,0.20800,,,0,4.160000,,,0,-0.030,0.156,-0.161,0
0,0.650,0.090,-0.060,0,0.20800,,,0,4.160000,,,0,0.060,0.084,-0.078,0
0,0.755,0.014,-0.014,0,0.32600,0.02000,-0.02000,0,4.162780,0.325303,-0.303249,0,0.040,0.080,-0.080,0
0,1.630,0.280,-0.240,0,3.29000,,,0,4.170000,,,0,-0.140,0.180,-0.150,0
0,1.630,0.330,-0.280,0,3.29000,,,0,4.170000,,,0,0.210,0.098,-0.128,0
0,1.630,0.460,-0.180,0,3.29000,,,0,4.170000,,,0,0.070,0.138,-0.145,0
0,1.630,0.100,-0.100,0,3.29000,,,0,4.170000,,,0,-0.263,0.041,-0.041,0
0,1.630,0.300,-0.300,0,3.29000,,,0,4.170000,,,0,-0.042,0.012,-0.012,0
0,1.630,0.670,-0.670,0,3.29000,,,0,4.170000,,,0,0.030,0.145,-0.172,0
0,1.630,0.230,-0.230,0,3.29000,,,0,4.170000,,,0,-0.015,0.073,-0.073,0
0,1.630,0.310,-0.210,0,3.29000,,,0,4.170000,,,0,-0.050,0.104,-0.126,0
0,1.630,0.060,-0.060,0,3.29000,,,0,4.170000,,,0,-0.040,0.092,-0.104,0
0,1.630,0.080,-0.120,0,3.29000,,,0,4.170000,,,0,-0.070,0.160,-0.172,0
0,1.626,,,0,3.28000,,,0,4.190000,,,0,0.210,0.200,-0.300,0
0,0.660,0.050,-0.050,0,0.21900,,,0,4.190000,,,0,-0.130,0.121,-0.122,0
0,1.630,,,0,3.30000,4.90000,-1.60000,0,4.190000,,,0,,,,
0,1.620,,,0,3.24000,0.38000,-0.30000,0,4.190000,,,0,,,,
0,1.623,,,0,3.27000,,,0,4.200000,,,0,-0.040,0.250,-0.300,0
0,1.620,0.230,-0.230,0,3.26000,,,0,4.210000,,,0,0.110,0.080,-0.080,0
0,1.620,0.510,-0.180,0,3.26000,,,0,4.210000,,,0,0.050,0.145,-0.155,0
0,1.620,0.110,-0.110,0,3.26000,,,0,4.210000,,,0,0.040,0.147,-0.143,0
0,1.620,0.330,-0.230,0,3.26000,,,0,4.210000,,,0,0.020,0.133,-0.159,0
0,1.619,,,0,3.25000,,,0,4.210000,,,0,-0.160,0.300,-0.300,0
0,1.620,0.310,-0.310,0,3.26000,,,0,4.210000,,,0,0.157,0.056,-0.056,0
0,1.620,0.400,-0.400,0,3.26000,,,0,4.210000,,,0,-0.443,0.012,-0.012,0
0,1.620,0.120,-0.090,0,3.26000,,,0,4.210000,,,0,0.000,0.103,-0.106,0
0,1.620,0.650,-0.220,0,3.26000,,,0,4.210000,,,0,0.030,0.130,-0.161,0
0,1.620,0.040,-0.270,0,3.26000,,,0,4.210000,,,0,-0.040,0.101,-0.098,0
0,1.700,0.070,-0.070,0,3.78000,0.63000,-0.63000,0,4.210000,0.950000,-0.820000,0,-0.130,0.160,-0.160,0
0,1.620,0.130,-0.130,0,3.26000,,,0,4.210000,,,0,0.220,0.060,-0.060,0
0,0.668,,,0,0.22900,,,0,4.220000,,,0,0.070,0.100,-0.100,0
0,1.615,0.051,-0.051,0,3.24000,,,0,4.230000,,,0,-0.280,0.040,-0.040,0
0,1.613,,,0,3.23000,,,0,4.230000,,,0,-0.160,0.150,-0.150,0
0,1.620,,,0,3.26900,3.84900,-2.01500,0,4.230000,,,0,,,,
0,1.610,0.170,-0.170,0,3.22000,,,0,4.240000,,,0,-0.030,0.040,-0.040,0
0,1.610,0.090,-0.080,0,3.22000,,,0,4.240000,,,0,0.010,0.149,-0.160,0
0,1.610,0.200,-0.130,0,3.22000,,,0,4.240000,,,0,-0.070,0.151,-0.184,0
0,1.610,0.310,-0.310,0,3.22000,,,0,4.240000,,,0,-0.039,0.014,-0.014,0
0,1.610,0.210,-0.160,0,3.22000,,,0,4.240000,,,0,-0.160,0.176,-0.210,0
0,1.610,0.240,-0.240,0,3.22000,,,0,4.240000,,,0,0.381,0.031,-0.031,0
0,1.610,0.460,-0.170,0,3.22000,,,0,4.240000,,,0,0.030,0.141,-0.174,0
0,1.610,0.400,-0.210,0,3.22000,,,0,4.240000,,,0,0.000,0.140,-0.196,0
0,1.610,0.190,-0.130,0,3.22000,,,0,4.240000,,,0,0.100,0.154,-0.145,0
0,1.610,0.640,-0.270,0,3.22000,,,0,4.240000,,,0,0.030,0.134,-0.156,0
0,1.608,0.160,-0.105,0,3.22000,,,0,4.250000,,,0,-0.250,0.080,-0.080,0
0,0.680,0.060,-0.040,0,0.24400,,,0,4.260000,,,0,0.000,0.151,-0.157,0
0,1.603,0.090,-0.088,0,3.20000,,,0,4.270000,,,0,,,,
0,1.600,0.130,-0.160,0,3.19000,,,0,4.280000,,,0,,,,
0,1.600,0.100,-0.100,0,3.19000,,,0,4.280000,,,0,-0.230,0.160,-0.160,0
0,1.600,0.480,-0.180,0,3.19000,,,0,4.280000,,,0,0.030,0.141,-0.165,0
0,1.600,0.240,-0.170,0,3.19000,,,0,4.280000,,,0,-0.010,0.138,-0.178,0
0,1.600,0.310,-0.140,0,3.19000,,,0,4.280000,,,0,0.040,0.140,-0.161,0
0,1.600,0.290,-0.110,0,3.19000,,,0,4.280000,,,0,-0.010,0.105,-0.111,0
0,1.600,0.180,-0.180,0,3.19000,,,0,4.280000,,,0,-0.300,0.120,-0.120,0
0,1.602,,,0,3.20000,,,0,4.280000,,,0,-0.240,0.300,-0.300,0
0,1.599,,,0,3.18000,,,0,4.280000,,,0,0.400,0.050,-0.150,0
0,1.600,0.820,-0.820,0,3.19000,,,0,4.280000,,,0,0.020,0.127,-0.154,0
0,1.600,0.070,-0.070,0,3.19000,,,0,4.280000,,,0,0.030,0.092,-0.071,0
0,1.600,0.080,-0.090,0,3.19000,,,0,4.280000,,,0,-0.020,0.155,-0.165,0
0,1.600,0.070,-0.270,0,3.19000,,,0,4.280000,,,0,-0.130,0.098,-0.098,0
0,0.690,0.040,-0.040,0,0.25700,,,0,4.300000,,,0,0.010,0.080,-0.080,0
0,1.565,0.077,-0.076,0,3.00000,,,1,4.300000,,,1,-0.020,0.080,-0.080,0
0,1.593,0.061,-0.058,0,3.16000,,,0,4.300000,,,0,-0.292,0.020,-0.020,0
0,0.690,0.050,-0.050,0,0.25700,,,0,4.300000,,,0,0.264,0.031,-0.031,0
0,1.596,,,0,3.18000,,,0,4.300000,,,0,0.100,0.250,-0.250,0
0,0.692,0.059,-0.048,0,0.26000,,,0,4.310000,,,0,-0.089,0.013,-0.013,0
0,1.590,0.100,-0.050,0,3.15000,,,0,4.310000,,,0,-0.950,0.020,-0.020,0
0,1.590,0.240,-0.240,0,3.15000,,,0,4.310000,,,0,-0.113,0.060,-0.060,0
0,1.590,0.360,-0.150,0,3.15000,,,0,4.310000,,,0,0.050,0.148,-0.174,0
0,1.590,0.310,-0.160,0,3.15000,,,0,4.310000,,,0,-0.040,0.148,-0.205,0
0,1.590,0.290,-0.290,0,3.15000,,,0,4.310000,,,0,-0.006,0.034,-0.034,0
0,1.590,0.390,-0.390,0,3.15000,,,0,4.310000,,,0,0.120,0.093,-0.080,0
0,1.590,0.780,-0.780,0,3.15000,,,0,4.310000,,,0,0.132,0.014,-0.014,0
0,1.590,0.770,-0.770,0,3.15000,,,0,4.310000,,,0,0.082,0.020,-0.020,0
0,1.590,0.180,-0.220,0,3.15000,,,0,4.310000,,,0,-0.310,0.051,-0.047,0
0,1.590,0.090,-0.090,0,3.15000,,,0,4.310000,,,0,-0.010,0.110,-0.099,0
0,1.590,0.100,-0.100,0,3.15000,,,0,4.310000,,,0,-0.010,0.110,-0.099,0
0,1.590,0.310,-0.120,0,3.15000,,,0,4.310000,,,0,-0.110,0.171,-0.175,0
0,1.583,,,0,3.13000,,,0,4.330000,,,0,0.160,0.150,-0.150,0
0,0.700,0.630,-0.110,0,0.27100,,,0,4.340000,,,0,0.030,0.158,-0.226,0
0,0.700,0.050,-0.050,0,0.27100,,,0,4.340000,,,0,0.137,0.009,-0.009,0
0,1.579,0.114,-0.103,0,3.12000,,,0,4.350000,,,0,0.237,0.235,-0.235,0
0,1.580,0.380,-0.380,0,3.12000,,,0,4.350000,,,0,-0.340,0.080,-0.080,0
0,1.580,0.230,-0.230,0,3.12000,,,0,4.350000,,,0,-0.210,0.080,-0.080,0
0,1.578,,,0,3.11000,,,0,4.350000,,,0,-0.160,0.260,-0.260,0
0,1.580,0.720,-0.240,0,3.12000,,,0,4.350000,,,0,0.070,0.129,-0.132,0
0,1.580,0.200,-0.200,0,3.12000,,,0,4.350000,,,0,0.280,0.070,-0.070,0
0,1.580,0.130,-0.130,0,3.12000,,,0,4.350000,,,0,-0.070,0.078,-0.084,0
0,1.580,0.560,-0.210,0,3.12000,,,0,4.350000,,,0,0.040,0.135,-0.154,0
0,1.580,0.270,-0.150,0,3.12000,,,0,4.350000,,,0,0.000,0.142,-0.174,0
0,1.580,0.650,-0.250,0,3.12000,,,0,4.350000,,,0,0.020,0.128,-0.163,0
0,1.580,0.890,-0.890,0,3.12000,,,0,4.350000,,,0,0.160,0.150,-0.150,0
0,1.580,0.230,-0.230,0,3.12000,,,0,4.350000,,,0,0.270,0.130,-0.130,0
0,1.580,0.340,-0.320,0,3.12000,,,0,4.350000,,,0,0.070,0.088,-0.062,0
0,1.579,0.265,-0.132,0,3.12000,,,0,4.360000,,,0,0.310,0.080,-0.080,0
0,1.577,,,0,3.11000,,,0,4.360000,,,0,-0.060,0.300,-0.300,0
0,0.788,0.011,-0.010,0,0.38800,0.01200,-0.01200,0,4.366784,0.154381,-0.165408,0,0.040,0.080,-0.080,0
0,0.710,0.060,-0.040,0,0.28500,,,0,4.380000,,,0,0.010,0.112,-0.110,0
0,1.570,0.120,-0.120,0,3.09000,,,0,4.390000,,,0,-0.080,0.060,-0.060,0
0,1.570,0.650,-0.260,0,3.09000,,,0,4.390000,,,0,0.030,0.126,-0.166,0
0,1.570,0.300,-0.300,0,3.09000,,,0,4.390000,,,0,0.180,0.083,-0.091,0
0,1.570,0.090,-0.090,0,3.09000,,,0,4.390000,,,0,-0.174,0.021,-0.021,0
0,1.570,0.120,-0.120,0,3.09000,,,0,4.390000,,,0,-0.050,0.073,-0.103,0
0,1.570,0.140,-0.140,0,3.09000,,,0,4.390000,,,0,-0.340,0.090,-0.095,0
0,1.570,0.290,-0.290,0,3.09000,,,0,4.390000,,,0,-0.023,0.012,-0.012,0
0,1.570,0.100,-0.110,0,3.09000,,,0,4.390000,,,0,0.020,0.102,-0.102,0
0,1.569,0.135,-0.135,0,3.09000,,,0,4.390000,,,0,0.210,0.014,-0.014,0
0,1.570,0.310,-0.140,0,3.09000,,,0,4.390000,,,0,0.060,0.143,-0.144,0
0,1.570,0.060,-0.290,0,3.09000,,,0,4.390000,,,0,0.070,0.077,-0.080,0
0,0.720,0.070,-0.050,0,0.29900,,,0,4.400000,,,0,-0.040,0.158,-0.167,0
0,1.567,,,0,3.08000,,,0,4.400000,,,0,0.225,0.029,-0.029,0
0,1.420,0.030,-0.030,0,2.40000,2.40000,-1.60000,0,4.400000,4.500000,-3.000000,0,0.170,0.060,-0.060,0
0,1.180,0.078,-0.078,0,1.32000,0.28000,-0.28000,0,4.410000,,,0,0.100,0.100,-0.100,0
0,1.560,0.160,-0.140,0,3.05000,,,0,4.410000,,,0,-0.190,0.060,-0.060,0
0,1.560,0.080,-0.080,0,3.05000,,,0,4.410000,,,0,-0.040,0.200,-0.240,0
0,1.564,0.118,-0.106,0,3.07000,,,0,4.410000,,,0,0.187,0.235,-0.235,0
0,1.560,0.090,-0.080,0,3.05000,,,0,4.410000,,,0,-0.010,0.133,-0.156,0
0,1.560,0.330,-0.170,0,3.05000,,,0,4.410000,,,0,0.030,0.139,-0.167,0
0,1.560,0.450,-0.180,0,3.05000,,,0,4.410000,,,0,0.070,0.140,-0.138,0
0,1.560,0.680,-0.250,0,3.05000,,,0,4.410000,,,0,0.040,0.137,-0.163,0
0,1.560,0.110,-0.110,0,3.05000,,,0,4.410000,,,0,0.020,0.104,-0.109,0
0,1.560,0.140,-0.140,0,3.05000,,,0,4.410000,,,0,0.110,0.097,-0.091,0
0,1.560,0.350,-0.350,0,3.05000,,,0,4.410000,,,0,-0.080,0.023,-0.023,0
0,1.560,0.080,-0.080,0,3.05000,,,0,4.410000,,,0,0.030,0.092,-0.071,0
0,1.560,,,0,3.06000,0.33000,-0.37000,0,4.430000,,,0,-0.460,0.260,-0.260,0
0,1.554,0.209,-0.110,0,3.03000,,,0,4.440000,,,0,-0.050,0.080,-0.080,0
0,0.729,,,0,0.31300,,,0,4.440000,,,0,-0.220,0.150,-0.150,0
0,0.730,0.200,-0.200,0,0.31500,,,0,4.450000,,,0,-0.100,0.150,-0.150,0
0,0.730,0.050,-0.050,0,0.31500,,,0,4.450000,,,0,-0.460,0.097,-0.094,0
0,0.730,0.080,-0.050,0,0.31500,,,0,4.450000,,,0,-0.070,0.162,-0.163,0
0,1.551,,,0,3.02000,,,0,4.450000,,,0,0.070,0.250,-0.300,0
0,0.730,,,0,0.31500,,,0,4.450000,,,0,0.320,0.100,-0.300,0
0,0.730,0.200,-0.200,0,0.31500,,,0,4.450000,,,0,-0.330,0.120,-0.120,0
0,1.550,0.070,-0.050,0,3.02000,,,0,4.460000,,,0,0.000,0.101,-0.097,0
0,1.550,0.500,-0.190,0,3.02000,,,0,4.460000,,,0,0.050,0.135,-0.155,0
0,1.550,0.090,-0.120,0,3.02000,,,0,4.460000,,,0,-0.100,0.149,-0.203,0
0,1.550,0.210,-0.110,0,3.02000,,,0,4.460000,,,0,0.010,0.137,-0.168,0
0,1.550,0.200,-0.120,0,3.02000,,,0,4.460000,,,0,0.040,0.142,-0.157,0
0,1.550,0.300,-0.300,0,3.02000,,,0,4.460000,,,0,-0.216,0.013,-0.013,0
0,1.550,0.700,-0.270,0,3.02000,,,0,4.460000,,,0,0.070,0.146,-0.139,0
0,1.550,0.270,-0.170,0,3.02000,,,0,4.460000,,,0,-0.070,0.149,-0.196,0
0,1.547,,,0,3.01000,,,0,4.460000,,,0,-0.440,0.300,-0.300,0
0,1.550,0.570,-0.570,0,3.02000,,,0,4.460000,,,0,-0.110,0.157,-0.194,0
0,1.550,0.620,-0.620,0,3.02000,,,0,4.460000,,,0,0.339,0.015,-0.015,0
0,1.550,0.370,-0.370,0,3.02000,,,0,4.460000,,,0,-0.031,0.032,-0.032,0
0,1.550,0.230,-0.230,0,3.02000,,,0,4.460000,,,0,-0.010,0.110,-0.099,0
0,0.740,0.050,-0.050,0,0.33000,,,0,4.470000,,,0,-0.140,0.087,-0.076,0
0,1.545,,,0,3.00000,,,0,4.470000,,,0,0.100,0.150,-0.150,0
0,1.549,,,0,3.02000,,,0,4.470000,,,0,-0.060,0.250,-0.300,0
0,0.741,0.041,-0.040,0,0.33200,,,0,4.480000,,,0,-0.550,0.070,-0.070,0
0,1.539,0.145,-0.126,0,2.98000,,,0,4.490000,,,0,-0.224,0.235,-0.235,0
0,0.744,,,0,0.33700,,,0,4.490000,,,0,-0.100,0.300,-0.300,0
0,1.540,0.140,-0.090,0,2.99000,,,0,4.500000,,,0,-0.030,0.070,-0.070,0
0,1.540,0.150,-0.110,0,2.99000,,,0,4.500000,,,0,-0.020,0.030,-0.030,0
0,1.540,0.270,-0.140,0,2.99000,,,0,4.500000,,,0,-0.400,0.237,-0.189,0
0,1.540,0.110,-0.140,0,2.99000,,,0,4.500000,,,0,-0.180,0.179,-0.248,0
0,1.540,0.220,-0.130,0,2.99000,,,0,4.500000,,,0,-0.050,0.147,-0.183,0
0,1.540,0.700,-0.280,0,2.99000,,,0,4.500000,,,0,0.040,0.129,-0.167,0
0,1.540,0.840,-0.840,0,2.99000,,,0,4.500000,,,0,-0.211,0.014,-0.014,0
0,1.540,0.430,-0.430,0,2.99000,,,0,4.500000,,,0,0.110,0.101,-0.078,0
0,1.540,0.090,-0.070,0,2.99000,,,0,4.500000,,,0,-0.160,0.097,-0.112,0
0,2.280,0.110,-0.110,0,9.79000,0.78000,-0.78000,0,4.510000,0.830000,-0.660000,0,0.010,0.050,-0.050,0
0,0.750,0.120,-0.080,0,0.34700,,,0,4.520000,,,0,0.020,0.143,-0.169,0
0,0.754,,,0,0.35300,,,0,4.520000,,,0,0.060,0.150,-0.150,0
0,0.750,0.150,-0.150,0,0.34700,,,0,4.520000,,,0,0.137,0.009,-0.009,0
0,1.530,,,0,2.95000,,,0,4.530000,,,0,0.220,0.200,-0.300,0
0,1.530,,,0,2.96000,0.50000,-0.48000,0,4.540000,,,0,0.080,0.160,-0.160,0
0,1.530,0.090,-0.090,0,2.96000,,,0,4.540000,,,0,-0.120,0.089,-0.090,0
0,1.530,0.110,-0.100,0,2.96000,,,0,4.540000,,,0,-0.020,0.142,-0.158,0
0,0.760,0.080,-0.070,0,0.36300,,,0,4.540000,,,0,0.030,0.142,-0.153,0
0,1.530,0.310,-0.310,0,2.96000,,,0,4.540000,,,0,0.070,0.091,-0.078,0
0,0.760,0.110,-0.080,0,0.36300,,,0,4.540000,,,0,0.060,0.084,-0.078,0
0,0.760,0.100,-0.080,0,0.36300,,,0,4.540000,,,0,0.060,0.084,-0.078,0
0,1.530,0.500,-0.210,0,2.96000,,,0,4.540000,,,0,0.020,0.137,-0.173,0
0,0.760,0.110,-0.070,0,0.36300,,,0,4.540000,,,0,-0.140,0.126,-0.130,0
0,0.760,0.150,-0.080,0,0.36300,,,0,4.540000,,,0,-0.070,0.147,-0.220,0
0,1.530,0.090,-0.070,0,2.96000,,,0,4.540000,,,0,0.040,0.099,-0.099,0
0,1.530,0.710,-0.710,0,2.96000,,,0,4.540000,,,0,-0.030,0.135,-0.173,0
0,1.530,0.080,-0.080,0,2.96000,,,0,4.540000,,,0,-0.270,0.088,-0.090,0
0,1.530,0.320,-0.250,0,2.96000,,,0,4.540000,,,0,-0.100,0.120,-0.132,0
0,1.530,0.390,-0.220,0,2.96000,,,0,4.540000,,,0,-0.080,0.153,-0.194,0
0,1.530,0.350,-0.190,0,2.96000,,,0,4.540000,,,0,0.010,0.134,-0.173,0
0,0.705,0.096,-0.085,0,0.29013,0.17008,-0.17008,0,4.550000,,,0,-0.120,0.400,-0.420,0
0,0.760,0.076,-0.050,0,0.36300,,,0,4.550000,,,0,-0.205,0.235,-0.235,0
0,1.527,,,0,2.95000,,,0,4.550000,,,0,-0.340,0.350,-0.300,0
0,0.764,,,0,0.37000,,,0,4.560000,,,0,0.070,0.100,-0.100,0
0,1.520,0.090,-0.090,0,2.92000,,,0,4.570000,,,0,0.000,0.050,-0.050,0
0,1.520,0.130,-0.130,0,2.92000,,,0,4.570000,,,0,0.150,0.050,-0.050,0
0,1.520,0.330,-0.190,0,2.92000,,,0,4.570000,,,0,-0.040,0.145,-0.182,0
0,1.520,0.180,-0.120,0,2.92000,,,0,4.570000,,,0,-0.090,0.147,-0.177,0
0,1.520,0.100,-0.100,0,2.92000,,,0,4.570000,,,0,-0.070,0.078,-0.084,0
0,1.520,0.490,-0.240,0,2.92000,,,0,4.570000,,,0,0.020,0.134,-0.153,0
0,1.520,0.330,-0.240,0,2.92000,,,0,4.570000,,,0,0.020,0.082,-0.088,0
0,1.520,0.660,-0.300,0,2.92000,,,0,4.570000,,,0,0.040,0.132,-0.159,0
0,1.520,0.680,-0.340,0,2.92000,,,0,4.570000,,,0,0.040,0.130,-0.161,0
0,1.520,0.650,-0.340,0,2.92000,,,0,4.570000,,,0,0.060,0.133,-0.152,0
0,1.521,,,0,2.93000,,,0,4.570000,,,0,-0.140,0.300,-0.300,0
0,1.520,0.100,-0.100,0,2.92000,,,0,4.570000,,,0,-0.080,0.111,-0.100,0
0,1.520,0.290,-0.290,0,2.92000,,,0,4.570000,,,0,0.070,0.098,-0.089,0
0,1.520,0.420,-0.190,0,2.92000,,,0,4.570000,,,0,-0.010,0.127,-0.191,0
0,1.385,0.095,-0.075,0,2.22000,0.26000,-0.25000,0,4.570000,0.770000,-0.850000,0,-0.460,0.260,-0.260,0
0,1.519,,,0,2.92000,,,0,4.580000,,,0,0.160,0.150,-0.150,0
0,1.519,,,0,2.92000,,,0,4.580000,,,0,0.070,0.250,-0.350,0
0,1.510,,,0,2.87700,1.06300,-1.48100,0,4.590000,,,0,-0.100,0.040,-0.040,0
0,1.514,0.298,-0.210,0,2.90000,,,0,4.590000,,,0,0.250,0.080,-0.080,0
0,0.770,0.150,-0.080,0,0.38100,,,0,4.590000,,,0,0.050,0.147,-0.156,0
0,1.513,,,0,2.90000,,,0,4.600000,,,0,0.040,0.150,-0.150,0
0,1.511,,,0,2.89000,,,0,4.600000,,,0,0.070,0.250,-0.300,0
0,1.515,,,0,2.91000,,,0,4.600000,,,0,0.140,0.150,-0.150,0
0,1.510,,,0,2.89000,0.27000,-0.26000,0,4.610000,,,0,0.090,0.170,-0.170,0
0,1.510,0.130,-0.110,0,2.89000,,,0,4.610000,,,0,-0.080,0.157,-0.182,0
0,1.510,0.120,-0.090,0,2.89000,,,0,4.610000,,,0,0.000,0.104,-0.105,0
0,1.510,0.320,-0.180,0,2.89000,,,0,4.610000,,,0,0.120,0.085,-0.080,0
0,1.510,0.080,-0.090,0,2.89000,,,0,4.610000,,,0,0.050,0.152,-0.176,0
0,1.510,0.350,-0.140,0,2.89000,,,0,4.610000,,,0,0.060,0.133,-0.149,0
0,1.510,0.790,-0.790,0,2.89000,,,0,4.610000,,,0,0.160,0.150,-0.100,0
0,1.510,0.140,-0.140,0,2.89000,,,0,4.610000,,,0,-0.125,0.015,-0.015,0
0,1.510,0.090,-0.090,0,2.89000,,,0,4.610000,,,0,-0.340,0.090,-0.095,0
0,1.510,0.770,-0.770,0,2.89000,,,0,4.610000,,,0,0.160,0.150,-0.150,0
0,1.510,0.080,-0.110,0,2.89000,,,0,4.610000,,,0,-0.020,0.164,-0.175,0
0,0.780,0.220,-0.220,0,0.39900,,,0,4.620000,,,0,-0.330,0.120,-0.120,0
0,1.710,0.130,-0.130,0,4.19000,0.56000,-0.52000,0,4.620000,1.400000,-1.100000,0,-0.090,0.100,-0.100,0
0,0.780,0.130,-0.120,0,0.39900,,,0,4.620000,,,0,0.230,0.077,-0.078,0
0,0.780,0.040,-0.080,0,0.39900,,,0,4.620000,,,0,0.010,0.102,-0.103,0
0,1.501,,,0,2.86000,,,0,4.650000,,,0,-0.140,0.250,-0.300,0
0,1.500,0.200,-0.200,0,2.86000,,,0,4.660000,,,0,-0.053,0.240,-0.240,0
0,1.500,0.100,-0.100,0,2.86000,,,0,4.660000,,,0,0.190,0.080,-0.080,0
0,1.500,0.120,-0.070,0,2.86000,,,0,4.660000,,,0,0.030,0.050,-0.050,0
0,1.500,0.210,-0.150,0,2.86000,,,0,4.660000,,,0,0.020,0.089,-0.103,0
0,0.792,,,0,0.42200,,,0,4.660000,,,0,0.100,0.150,-0.150,0
0,0.790,0.060,-0.060,0,0.41800,,,0,4.660000,,,0,-0.040,0.147,-0.176,0
0,0.790,0.120,-0.060,0,0.41800,,,0,4.660000,,,0,0.010,0.145,-0.173,0
0,1.500,0.140,-0.120,0,2.86000,,,0,4.660000,,,0,-0.040,0.104,-0.115,0
0,1.500,0.340,-0.210,0,2.86000,,,0,4.660000,,,0,-0.040,0.104,-0.115,0
0,0.790,0.080,-0.050,0,0.41800,,,0,4.660000,,,0,-0.070,0.144,-0.160,0
0,1.500,0.670,-0.670,0,2.86000,,,0,4.660000,,,0,0.030,0.131,-0.158,0
0,1.500,,,0,2.86000,,,0,4.660000,,,0,0.180,0.200,-0.300,0
0,1.500,0.290,-0.290,0,2.86000,,,0,4.660000,,,0,0.180,0.083,-0.091,0
0,1.500,0.760,-0.760,0,2.86000,,,0,4.660000,,,0,0.160,0.150,-0.150,0
0,1.500,0.860,-0.860,0,2.86000,,,0,4.660000,,,0,0.140,0.150,-0.150,0
0,1.500,0.100,-0.100,0,2.86000,,,0,4.660000,,,0,0.000,0.400,-0.400,0
0,0.790,0.080,-0.080,0,0.41800,,,0,4.660000,,,0,-0.044,0.013,-0.013,0
0,1.500,0.250,-0.250,0,2.86000,,,0,4.660000,,,0,-0.300,0.120,-0.120,0
0,1.500,0.120,-0.090,0,2.86000,,,0,4.660000,,,0,0.020,0.103,-0.105,0
0,1.500,0.330,-0.190,0,2.86000,,,0,4.660000,,,0,0.080,0.084,-0.070,0
0,1.490,,,0,2.81000,1.08000,-0.99000,0,4.670000,,,0,,,,
0,0.797,,,0,0.43000,0.21000,-0.10000,0,4.670000,,,0,-0.180,0.100,-0.100,0
0,1.490,,,0,2.82000,0.51000,-0.51000,0,4.680000,,,0,-0.380,0.090,-0.090,0
0,1.491,0.123,-0.093,0,2.83000,,,0,4.690000,,,0,0.150,0.080,-0.080,0
0,0.800,0.120,-0.060,0,0.43700,,,0,4.690000,,,0,0.030,0.132,-0.172,0
0,0.800,0.040,-0.030,0,0.43700,,,0,4.690000,,,0,-0.010,0.101,-0.111,0
0,0.800,0.160,-0.030,0,0.43700,,,0,4.690000,,,0,-0.060,0.088,-0.081,0
0,0.800,0.120,-0.080,0,0.43700,,,0,4.690000,,,0,0.030,0.089,-0.097,0
0,0.800,0.040,-0.080,0,0.43700,,,0,4.690000,,,0,-0.090,0.113,-0.125,0
0,0.800,0.090,-0.060,0,0.43700,,,0,4.690000,,,0,0.120,0.073,-0.068,0
0,0.800,0.140,-0.090,0,0.43700,,,0,4.690000,,,0,0.070,0.084,-0.083,0
0,1.489,,,0,2.82000,,,0,4.690000,,,0,0.120,0.150,-0.150,0
0,1.533,0.051,-0.046,0,3.09000,0.48000,-0.48000,0,4.700000,0.900000,-0.800000,0,-0.430,0.040,-0.040,0
0,1.490,0.080,-0.080,0,2.83000,,,0,4.700000,,,0,-0.190,0.070,-0.070,0
0,1.490,0.140,-0.070,0,2.83000,,,0,4.700000,,,0,0.030,0.050,-0.050,0
0,1.490,0.400,-0.190,0,2.83000,,,0,4.700000,,,0,0.090,0.146,-0.133,0
0,2.150,0.170,-0.170,0,8.50000,9.70000,-7.50000,0,4.700000,,,0,-0.120,0.089,-0.090,0
0,1.490,0.440,-0.220,0,2.83000,,,0,4.700000,,,0,0.050,0.092,-0.077,0
0,1.490,0.280,-0.160,0,2.83000,,,0,4.700000,,,0,0.060,0.148,-0.179,0
0,1.490,0.170,-0.140,0,2.83000,,,0,4.700000,,,0,0.480,0.011,-0.026,0
0,1.490,0.120,-0.150,0,2.83000,,,0,4.700000,,,0,-0.170,0.173,-0.222,0
0,1.490,0.090,-0.090,0,2.83000,,,0,4.700000,,,0,-0.440,0.100,-0.100,0
0,1.487,,,0,2.81000,,,0,4.700000,,,0,0.260,0.150,-0.150,0
0,1.490,0.280,-0.280,0,2.83000,,,0,4.700000,,,0,0.084,0.021,-0.021,0
0,1.490,0.300,-0.090,0,2.83000,,,0,4.700000,,,0,-0.060,0.115,-0.083,0
0,1.790,0.080,-0.081,0,4.91000,0.68000,-0.70000,0,4.700000,1.000000,-0.900000,0,0.230,0.070,-0.080,0
0,1.490,,,0,2.83000,0.41000,-0.34000,0,4.700000,,,0,0.200,0.050,-0.050,0
0,1.488,,,0,2.82000,,,0,4.710000,,,0,0.160,0.150,-0.150,0
0,0.806,,,0,0.44900,,,0,4.710000,,,0,-0.140,0.150,-0.150,0
0,1.483,0.099,-0.099,0,2.80000,,,0,4.720000,,,0,,,,
0,1.480,0.130,-0.110,0,2.79000,,,0,4.730000,,,0,-0.030,0.150,-0.160,0
0,1.480,0.350,-0.160,0,2.79000,,,0,4.730000,,,0,0.030,0.141,-0.165,0
0,1.480,0.300,-0.300,0,2.79000,,,0,4.730000,,,0,-0.030,0.097,-0.109,0
0,1.480,0.230,-0.160,0,2.79000,,,0,4.730000,,,0,-0.010,0.080,-0.094,0
0,1.480,0.650,-0.270,0,2.79000,,,0,4.730000,,,0,0.040,0.131,-0.160,0
0,0.810,0.160,-0.070,0,0.45700,,,0,4.730000,,,0,0.010,0.135,-0.172,0
0,1.480,0.280,-0.280,0,2.79000,,,0,4.730000,,,0,-0.042,0.012,-0.012,0
0,1.480,0.120,-0.120,0,2.79000,,,0,4.730000,,,0,0.310,0.066,-0.068,0
0,0.810,0.050,-0.050,0,0.45700,,,0,4.730000,,,0,-0.174,0.021,-0.021,0
0,0.810,0.100,-0.100,0,0.45700,,,0,4.730000,,,0,0.000,0.147,-0.155,0
0,1.480,0.120,-0.090,0,2.79000,,,0,4.730000,,,0,0.080,0.147,-0.166,0
0,1.480,0.060,-0.090,0,2.79000,,,0,4.730000,,,0,0.070,0.147,-0.168,0
0,1.480,,,0,2.80100,0.80900,-0.92300,0,4.750000,,,0,-0.100,0.040,-0.040,0
0,0.820,0.120,-0.080,0,0.47700,,,0,4.750000,,,0,0.040,0.087,-0.091,0
0,0.820,0.040,-0.020,0,0.47700,,,0,4.750000,,,0,0.110,0.102,-0.097,0
0,0.820,0.240,-0.110,0,0.47700,,,0,4.750000,,,0,0.050,0.145,-0.154,0
0,1.474,,,0,2.77000,,,0,4.750000,,,0,0.140,0.150,-0.150,0
0,0.820,0.070,-0.070,0,0.47700,,,0,4.750000,,,0,0.000,0.400,-0.400,0
0,0.820,0.070,-0.070,0,0.47700,,,0,4.750000,,,0,-0.044,0.013,-0.013,0
0,0.820,0.040,-0.030,0,0.47700,,,0,4.750000,,,0,0.120,0.084,-0.080,0
0,1.475,,,0,2.78000,,,0,4.760000,,,0,-0.280,0.150,-0.150,0
0,1.470,0.110,-0.050,0,2.76000,,,0,4.770000,,,0,-0.100,0.040,-0.040,0
0,1.470,0.230,-0.230,0,2.76000,,,0,4.770000,,,0,0.070,0.080,-0.080,0
0,1.470,0.430,-0.180,0,2.76000,,,0,4.770000,,,0,0.020,0.124,-0.171,0
0,1.470,0.180,-0.100,0,2.76000,,,0,4.770000,,,0,0.030,0.157,-0.171,0
0,1.470,0.110,-0.110,0,2.76000,,,0,4.770000,,,0,-0.020,0.100,-0.107,0
0,1.470,0.420,-0.160,0,2.76000,,,0,4.770000,,,0,0.070,0.139,-0.141,0
0,1.470,0.240,-0.140,0,2.76000,,,0,4.770000,,,0,0.020,0.080,-0.083,0
0,1.470,0.190,-0.130,0,2.76000,,,0,4.770000,,,0,0.030,0.142,-0.159,0
0,1.470,0.680,-0.270,0,2.76000,,,0,4.770000,,,0,0.040,0.133,-0.145,0
0,1.472,,,0,2.77000,,,0,4.770000,,,0,0.160,0.150,-0.150,0
0,1.470,0.150,-0.150,0,2.76000,,,0,4.770000,,,0,-0.070,0.114,-0.114,0
0,1.470,0.080,-0.080,0,2.76000,,,0,4.770000,,,0,-0.170,0.091,-0.111,0
0,1.470,0.160,-0.110,0,2.76000,,,0,4.770000,,,0,0.080,0.082,-0.075,0
0,0.830,0.060,-0.050,0,0.49800,,,0,4.790000,,,0,-0.030,0.170,-0.180,0
0,0.830,0.150,-0.130,0,0.49800,,,0,4.790000,,,0,0.040,0.086,-0.089,0
0,0.830,0.120,-0.120,0,0.49800,,,0,4.790000,,,0,0.322,0.012,-0.012,0
0,2.120,0.060,-0.060,0,8.30000,1.10000,-1.10000,0,4.800000,0.700000,-0.700000,0,-0.230,0.030,-0.030,0
0,1.200,0.070,-0.070,0,2.20000,0.90000,-0.90000,0,4.800000,2.400000,-2.200000,0,0.191,0.013,-0.013,0
0,0.546,0.017,-0.015,0,0.10000,0.20000,-0.10000,0,4.800000,6.500000,-3.900000,0,-0.550,0.070,-0.070,0
0,1.460,0.050,-0.160,0,2.73000,,,0,4.820000,,,0,0.010,0.175,-0.178,0
0,1.460,0.090,-0.220,0,2.73000,,,0,4.820000,,,0,0.010,0.150,-0.164,0
0,1.460,0.360,-0.190,0,2.73000,,,0,4.820000,,,0,0.000,0.134,-0.179,0
0,1.460,0.140,-0.110,0,2.73000,,,0,4.820000,,,0,-0.090,0.158,-0.182,0
0,1.460,0.120,-0.100,0,2.73000,,,0,4.820000,,,0,-0.040,0.137,-0.150,0
0,1.460,0.140,-0.210,0,2.73000,,,0,4.820000,,,0,-0.030,0.112,-0.126,0
0,0.840,0.090,-0.090,0,0.52000,,,0,4.820000,,,0,-0.030,0.150,-0.173,0
0,1.460,0.250,-0.130,0,2.73000,,,0,4.820000,,,0,0.030,0.135,-0.171,0
0,1.460,0.160,-0.100,0,2.73000,,,0,4.820000,,,0,-0.010,0.095,-0.113,0
0,0.840,0.060,-0.050,0,0.52000,,,0,4.820000,,,0,0.110,0.134,-0.201,0
0,1.460,0.660,-0.660,0,2.73000,,,0,4.820000,,,0,0.090,0.144,-0.132,0
0,1.460,0.100,-0.100,0,2.73000,,,0,4.820000,,,0,0.020,0.104,-0.109,0
0,1.460,0.660,-0.660,0,2.73000,,,0,4.820000,,,0,0.140,0.150,-0.150,0
0,1.460,0.660,-0.660,0,2.73000,,,0,4.820000,,,0,0.010,0.129,-0.165,0
0,1.460,0.750,-0.750,0,2.73000,,,0,4.820000,,,0,0.160,0.150,-0.150,0
0,1.460,0.290,-0.290,0,2.73000,,,0,4.820000,,,0,-0.080,0.023,-0.023,0
0,1.460,0.060,-0.050,0,2.73000,,,0,4.820000,,,0,0.080,0.139,-0.112,0
0,1.460,0.060,-0.080,0,2.73000,,,0,4.820000,,,0,0.050,0.154,-0.207,0
0,1.459,,,0,2.73000,,,0,4.830000,,,0,0.160,0.150,-0.150,0
0,1.450,,,0,2.69000,0.19000,-0.18000,0,4.850000,,,0,-0.362,0.087,-0.069,0
0,0.850,0.200,-0.130,0,0.54300,,,0,4.860000,,,0,0.410,0.038,-0.038,0
0,1.450,,,0,2.70000,0.30000,-0.30000,0,4.870000,,,0,-0.400,0.010,-0.010,0
0,1.450,0.260,-0.150,0,2.70000,,,0,4.870000,,,0,-0.080,0.159,-0.205,0
0,1.450,0.100,-0.090,0,2.70000,,,0,4.870000,,,0,-0.070,0.156,-0.178,0
0,1.450,0.120,-0.150,0,2.70000,,,0,4.870000,,,0,0.030,0.149,-0.171,0
0,1.450,0.700,-0.700,0,2.70000,,,0,4.870000,,,0,0.121,0.013,-0.013,0
0,1.450,0.280,-0.280,0,2.70000,,,0,4.870000,,,0,0.024,0.055,-0.055,0
0,1.450,0.610,-0.610,0,2.70000,,,0,4.870000,,,0,0.140,0.150,-0.150,0
0,1.450,0.510,-0.510,0,2.70000,,,0,4.870000,,,0,0.140,0.150,-0.100,0
0,1.450,0.200,-0.100,0,2.70000,,,0,4.870000,,,0,0.050,0.137,-0.158,0
0,0.860,0.200,-0.200,0,0.56600,,,0,4.890000,,,0,0.000,0.020,-0.020,0
0,0.860,0.130,-0.080,0,0.56600,,,0,4.890000,,,0,-0.070,0.145,-0.182,0
0,0.860,0.120,-0.120,0,0.56600,,,0,4.890000,,,0,0.000,0.148,-0.150,0
0,0.860,0.120,-0.090,0,0.56600,,,0,4.890000,,,0,-0.030,0.088,-0.097,0
0,1.446,,,0,2.69000,,,0,4.890000,,,0,0.160,0.150,-0.150,0
0,0.860,0.080,-0.080,0,0.56600,,,0,4.890000,,,0,-0.070,0.108,-0.115,0
0,0.860,0.110,-0.110,0,0.56600,,,0,4.890000,,,0,0.000,0.147,-0.155,0
0,0.860,0.110,-0.060,0,0.56600,,,0,4.890000,,,0,0.020,0.135,-0.165,0
0,1.166,0.061,-0.058,0,1.42000,0.18000,-0.18000,0,4.890000,1.030000,-0.880000,0,0.120,0.080,-0.080,0
0,1.510,0.110,-0.084,0,3.10000,1.05000,-1.05000,0,4.900000,2.000000,-1.700000,0,0.140,0.040,-0.040,0
0,2.000,0.100,-0.100,0,6.90000,3.40000,-3.40000,0,4.900000,2.400000,-2.400000,0,0.190,0.060,-0.060,0
0,0.920,0.013,-0.012,0,0.69200,0.02200,-0.02200,0,4.901605,0.165408,-0.181949,0,0.040,0.080,-0.080,0
0,1.440,0.110,-0.070,0,2.67000,,,0,4.910000,,,0,-0.170,0.050,-0.060,0
0,1.438,0.214,-0.192,0,2.66000,,,0,4.910000,,,0,0.130,0.080,-0.080,0
0,1.440,0.070,-0.070,0,2.67000,,,0,4.910000,,,0,0.030,0.152,-0.160,0
0,1.440,0.260,-0.170,0,2.67000,,,0,4.910000,,,0,0.020,0.149,-0.168,0
0,1.440,0.150,-0.140,0,2.67000,,,0,4.910000,,,0,-0.020,0.100,-0.111,0
0,1.440,0.120,-0.100,0,2.67000,,,0,4.910000,,,0,-0.010,0.143,-0.160,0
0,1.440,0.130,-0.080,0,2.67000,,,0,4.910000,,,0,-0.010,0.143,-0.160,0
0,1.440,0.160,-0.120,0,2.67000,,,0,4.910000,,,0,-0.070,0.151,-0.183,0
0,1.440,0.170,-0.090,0,2.67000,,,0,4.910000,,,0,0.020,0.135,-0.165,0
0,1.440,0.120,-0.120,0,2.67000,,,0,4.910000,,,0,,,,
0,0.869,0.105,-0.062,0,0.58600,,,0,4.920000,,,0,-0.060,0.080,-0.080,0
0,0.870,0.210,-0.110,0,0.59000,,,0,4.920000,,,0,0.030,0.136,-0.170,0
0,0.870,0.050,-0.060,0,0.59000,,,0,4.920000,,,0,-0.250,0.136,-0.108,0
0,0.870,0.120,-0.090,0,0.59000,,,0,4.920000,,,0,0.060,0.084,-0.078,0
0,0.869,,,0,0.58700,,,0,4.920000,,,0,-0.160,0.200,-0.150,0
0,0.870,,,0,0.58900,,,0,4.920000,,,0,-0.160,0.300,-0.300,0
0,0.870,0.060,-0.070,0,0.59000,,,0,4.920000,,,0,-0.020,0.146,-0.158,0
0,1.430,0.070,-0.100,0,2.63000,,,0,4.940000,,,0,-0.070,0.144,-0.169,0
0,1.430,0.150,-0.090,0,2.63000,,,0,4.940000,,,0,0.040,0.157,-0.168,0
0,1.430,0.100,-0.100,0,2.63000,,,0,4.940000,,,0,-0.020,0.162,-0.158,0
0,1.430,0.260,-0.110,0,2.63000,,,0,4.940000,,,0,0.100,0.159,-0.149,0
0,1.430,0.730,-0.730,0,2.63000,,,0,4.940000,,,0,0.160,0.150,-0.150,0
0,1.430,0.280,-0.280,0,2.63000,,,0,4.940000,,,0,-0.010,0.098,-0.113,0
0,1.430,0.260,-0.260,0,2.63000,,,0,4.940000,,,0,-0.012,0.013,-0.013,0
0,1.430,0.770,-0.770,0,2.63000,,,0,4.940000,,,0,0.140,0.150,-0.100,0
0,1.430,0.090,-0.070,0,2.63000,,,0,4.940000,,,0,0.050,0.088,-0.086,0
0,1.430,0.100,-0.090,0,2.63000,,,0,4.940000,,,0,-0.030,0.144,-0.171,0
0,1.430,,,0,2.64000,0.44000,-0.44000,0,4.960000,,,0,-0.120,0.150,-0.150,0
0,0.880,0.330,-0.140,0,0.61500,,,0,4.960000,,,0,0.030,0.132,-0.155,0
0,0.880,0.080,-0.060,0,0.61500,,,0,4.960000,,,0,0.120,0.090,-0.091,0
0,0.880,0.380,-0.380,0,0.61500,,,0,4.960000,,,0,0.140,0.150,-0.150,0
0,0.880,0.030,-0.040,0,0.61500,,,0,4.960000,,,0,-0.060,0.108,-0.086,0
0,1.426,,,0,2.62000,,,0,4.970000,,,0,0.077,0.012,-0.012,0
0,1.206,0.039,-0.039,0,1.58000,0.26000,-0.26000,0,4.970000,0.940000,-0.940000,0,-0.200,0.120,-0.120,0
0,1.423,0.081,-0.036,0,2.61000,,,0,4.980000,,,0,0.094,0.057,-0.057,0
0,1.420,0.160,-0.130,0,2.60000,,,0,4.990000,,,0,-0.260,0.080,-0.080,0
0,0.890,0.100,-0.090,0,0.64000,,,0,4.990000,,,0,0.190,0.080,-0.080,0
0,0.890,0.040,-0.020,0,0.64000,,,0,4.990000,,,0,-0.060,0.107,-0.087,0
0,1.420,0.160,-0.330,0,2.60000,,,0,4.990000,,,0,-0.170,0.111,-0.105,0
0,1.420,0.110,-0.100,0,2.60000,,,0,4.990000,,,0,0.050,0.082,-0.082,0
0,0.890,0.230,-0.070,0,0.64000,,,0,4.990000,,,0,0.000,0.148,-0.164,0
0,1.420,0.300,-0.120,0,2.60000,,,0,4.990000,,,0,0.060,0.151,-0.152,0
0,1.420,0.100,-0.100,0,2.60000,,,0,4.990000,,,0,0.110,0.084,-0.071,0
0,1.420,0.210,-0.130,0,2.60000,,,0,4.990000,,,0,-0.020,0.131,-0.174,0
0,1.420,0.350,-0.140,0,2.60000,,,0,4.990000,,,0,0.040,0.133,-0.156,0
0,0.890,0.250,-0.110,0,0.64000,,,0,4.990000,,,0,0.000,0.136,-0.192,0
0,0.890,68.910,-0.150,0,0.64000,,,0,4.990000,,,0,0.000,0.147,-0.219,0
0,0.890,0.180,-0.090,0,0.64000,,,0,4.990000,,,0,0.040,0.141,-0.154,0
0,0.890,0.180,-0.090,0,0.64000,,,0,4.990000,,,0,0.070,0.153,-0.158,0
0,1.422,,,0,2.61000,,,0,4.990000,,,0,0.140,0.150,-0.150,0
0,0.890,0.050,-0.050,0,0.64000,,,0,4.990000,,,0,-0.414,0.015,-0.015,0
0,1.420,0.660,-0.660,0,2.60000,,,0,4.990000,,,0,0.033,0.034,-0.034,0
0,0.890,0.060,-0.060,0,0.64000,,,0,4.990000,,,0,-0.120,0.094,-0.108,0
0,0.890,0.220,-0.220,0,0.64000,,,0,4.990000,,,0,-0.400,0.042,-0.042,0
0,1.420,0.300,-0.190,0,2.60000,,,0,4.990000,,,0,0.160,0.088,-0.088,0
0,0.890,0.090,-0.060,0,0.64000,,,0,4.990000,,,0,0.050,0.089,-0.092,0
0,1.420,0.180,-0.110,0,2.60000,,,0,4.990000,,,0,-0.050,0.152,-0.179,0
0,1.820,0.110,-0.090,0,5.58000,0.74000,-0.73000,0,5.000000,1.100000,-1.000000,0,-0.460,0.050,-0.050,0
0,1.900,0.160,-0.140,0,6.36000,1.00000,-1.00000,0,5.000000,1.800000,-1.300000,0,0.000,0.500,-0.500,0
0,1.418,0.202,-0.131,0,2.60000,,,0,5.010000,,,0,-0.110,0.080,-0.080,0
0,1.416,,,0,2.59000,,,0,5.010000,,,0,0.160,0.150,-0.150,0
0,0.900,0.280,-0.120,0,0.66600,,,0,5.020000,,,0,0.010,0.136,-0.172,0
0,0.900,0.280,-0.120,0,0.66600,,,0,5.020000,,,0,0.040,0.134,-0.151,0
0,1.704,0.067,-0.067,0,4.53000,0.92000,-0.86000,0,5.020000,0.360000,-0.440000,0,-0.284,0.067,-0.067,0
0,1.045,0.013,-0.012,0,1.03900,0.03100,-0.03100,0,5.022904,0.137840,-0.159895,0,0.040,0.080,-0.080,0
0,1.264,0.050,-0.049,0,1.86000,0.30000,-0.30000,0,5.030000,1.070000,-0.930000,0,0.110,0.190,-0.190,0
0,0.904,,,0,0.67600,,,0,5.030000,,,0,-0.020,0.300,-0.300,0
0,1.413,,,0,2.58000,,,0,5.030000,,,0,-0.040,0.150,-0.150,0
0,0.903,0.052,-0.052,0,0.67400,,,0,5.030000,,,0,,,,
0,1.410,0.100,-0.090,0,2.57000,,,0,5.040000,,,0,-0.040,0.162,-0.165,0
0,1.410,0.630,-0.290,0,2.57000,,,0,5.040000,,,0,0.030,0.130,-0.173,0
0,1.410,0.090,-0.090,0,2.57000,,,0,5.040000,,,0,0.264,0.031,-0.031,0
0,1.410,0.200,-0.140,0,2.57000,,,0,5.040000,,,0,-0.030,0.143,-0.188,0
0,1.410,0.270,-0.230,0,2.57000,,,0,5.040000,,,0,0.060,0.094,-0.071,0
0,1.410,0.190,-0.110,0,2.57000,,,0,5.040000,,,0,0.020,0.151,-0.164,0
0,1.410,0.280,-0.280,0,2.57000,,,0,5.040000,,,0,0.000,0.097,-0.110,0
0,1.410,0.280,-0.280,0,2.57000,,,0,5.040000,,,0,-0.020,0.093,-0.099,0
0,1.410,0.750,-0.750,0,2.57000,,,0,5.040000,,,0,0.030,0.138,-0.154,0
0,1.410,0.260,-0.260,0,2.57000,,,0,5.040000,,,0,-0.012,0.013,-0.013,0
0,1.410,0.060,-0.060,0,2.57000,,,0,5.040000,,,0,-0.090,0.090,-0.082,0
0,1.410,0.060,-0.040,0,2.57000,,,0,5.040000,,,0,0.230,0.062,-0.057,0
0,1.410,0.050,-0.050,0,2.57000,,,0,5.040000,,,0,0.090,0.085,-0.090,0
0,1.410,0.100,-0.100,0,2.57000,,,0,5.040000,,,0,,,,
0,0.908,0.059,-0.064,0,0.68800,,,0,5.050000,,,0,-0.003,0.120,-0.300,0
0,0.910,0.090,-0.060,0,0.69300,,,0,5.050000,,,0,-0.040,0.158,-0.164,0
0,0.910,0.060,-0.040,0,0.69300,,,0,5.050000,,,0,0.270,0.070,-0.066,0
0,1.409,,,0,2.57000,,,0,5.050000,,,0,0.000,0.150,-0.150,0
0,0.910,0.040,-0.040,0,0.69300,,,0,5.050000,,,0,-0.441,0.014,-0.014,0
0,0.913,,,0,0.70000,0.09000,-0.08000,0,5.050000,,,0,-0.180,0.160,-0.160,0
0,1.129,0.015,-0.013,0,1.32100,0.03800,-0.03800,0,5.055986,0.137840,-0.159895,0,0.040,0.080,-0.080,0
0,1.410,,,0,2.58000,0.35000,-0.58000,0,5.060000,,,0,0.180,0.090,-0.090,0
0,0.913,,,0,0.70200,,,0,5.070000,,,0,-0.140,0.150,-0.150,0
0,0.914,0.053,-0.049,0,0.70400,,,0,5.070000,,,0,-0.070,0.110,-0.110,0
0,2.040,0.110,-0.110,0,7.93000,4.60000,-4.60000,0,5.080000,3.120000,-3.120000,0,0.170,0.070,-0.070,0
0,1.400,0.500,-0.500,0,2.54000,,,0,5.090000,,,0,-0.220,0.060,-0.060,0
0,1.400,0.200,-0.200,0,2.54000,,,0,5.090000,,,0,0.000,0.100,-0.100,0
0,1.400,0.135,-0.077,0,2.54000,,,0,5.090000,,,0,0.130,0.080,-0.080,0
0,1.400,0.110,-0.110,0,2.54000,,,0,5.090000,,,0,-0.130,0.177,-0.193,0
0,0.920,0.350,-0.350,0,0.72100,,,0,5.090000,,,0,0.010,0.130,-0.164,0
0,1.400,0.110,-0.130,0,2.54000,,,0,5.090000,,,0,-0.060,0.086,-0.109,0
0,1.400,0.050,-0.050,0,2.54000,,,0,5.090000,,,0,0.214,0.012,-0.012,0
0,1.400,0.130,-0.080,0,2.54000,,,0,5.090000,,,0,0.010,0.141,-0.162,0
0,0.920,0.190,-0.100,0,0.72100,,,0,5.090000,,,0,0.000,0.155,-0.177,0
0,0.920,0.140,-0.100,0,0.72100,,,0,5.090000,,,0,0.030,0.089,-0.097,0
0,0.920,0.070,-0.080,0,0.72100,,,0,5.090000,,,0,-0.060,0.167,-0.204,0
0,0.920,0.330,-0.140,0,0.72100,,,0,5.090000,,,0,0.050,0.135,-0.146,0
0,1.400,0.160,-0.160,0,2.54000,,,0,5.090000,,,0,-0.280,0.100,-0.100,0
0,1.400,0.250,-0.250,0,2.54000,,,0,5.090000,,,0,-0.440,0.137,-0.097,0
0,1.400,0.190,-0.110,0,2.54000,,,0,5.090000,,,0,-0.010,0.135,-0.179,0
0,0.920,0.070,-0.070,0,0.72100,,,0,5.090000,,,0,-0.430,0.082,-0.086,0
0,1.390,,,0,2.50000,0.29000,-0.30000,0,5.120000,,,0,0.100,0.190,-0.190,0
0,0.930,0.050,-0.090,0,0.74900,,,0,5.120000,,,0,0.020,0.145,-0.157,0
0,0.930,0.200,-0.110,0,0.74900,,,0,5.120000,,,0,0.050,0.093,-0.094,0
0,0.930,0.050,-0.050,0,0.74900,,,0,5.120000,,,0,-0.180,0.099,-0.111,0
0,1.391,,,0,2.51000,,,0,5.120000,,,0,0.070,0.150,-0.150,0
0,0.930,0.100,-0.100,0,0.74900,,,0,5.120000,,,0,0.053,0.015,-0.015,0
0,1.393,,,0,2.52000,,,0,5.120000,,,0,0.180,0.150,-0.150,0
0,1.390,,,0,2.50000,0.60000,-0.60000,0,5.120000,,,0,,,,
0,1.392,0.118,-0.075,0,2.52000,,,0,5.130000,,,0,0.068,0.198,-0.198,0
0,0.934,,,0,0.76000,,,0,5.130000,,,0,-0.280,0.300,-0.300,0
0,1.390,,,0,2.51000,,,0,5.130000,,,0,-0.100,0.100,-0.100,0
0,1.390,0.220,-0.110,0,2.51000,,,0,5.140000,,,0,0.030,0.140,-0.158,0
0,1.390,0.200,-0.220,0,2.51000,,,0,5.140000,,,0,0.060,0.082,-0.049,0
0,1.390,0.260,-0.260,0,2.51000,,,0,5.140000,,,0,-0.042,0.012,-0.012,0
0,1.390,0.090,-0.090,0,2.51000,,,0,5.140000,,,0,-0.270,0.104,-0.118,0
0,1.390,0.270,-0.270,0,2.51000,,,0,5.140000,,,0,0.010,0.084,-0.089,0
0,1.390,0.820,-0.820,0,2.51000,,,0,5.140000,,,0,0.160,0.150,-0.150,0
0,0.940,0.060,-0.060,0,0.77900,,,0,5.150000,,,0,0.260,0.067,-0.059,0
0,0.940,0.190,-0.130,0,0.77900,,,0,5.150000,,,0,-0.030,0.142,-0.181,0
0,0.940,0.190,-0.100,0,0.77900,,,0,5.150000,,,0,0.200,0.134,-0.175,0
0,0.940,0.190,-0.080,0,0.77900,,,0,5.150000,,,0,0.080,0.138,-0.141,0
0,1.380,,,0,2.47000,0.27000,-0.27000,0,5.160000,,,0,-0.160,0.090,-0.090,0
0,0.944,,,0,0.79000,,,0,5.160000,,,0,0.000,0.300,-0.300,0
0,0.947,,,0,0.79900,,,0,5.170000,,,0,-0.146,0.009,-0.009,0
0,0.950,0.058,-0.058,0,0.80900,,,0,5.180000,,,0,-0.240,0.090,-0.090,0
0,0.950,0.100,-0.160,0,0.80900,,,0,5.180000,,,0,-0.330,0.083,-0.078,0
0,0.950,0.280,-0.100,0,0.80900,,,0,5.180000,,,0,0.040,0.145,-0.160,0
0,0.950,0.060,-0.060,0,0.80900,,,0,5.180000,,,0,-0.130,0.121,-0.122,0
0,1.380,0.110,-0.110,0,2.48000,,,0,5.190000,,,0,0.260,0.060,-0.060,0
0,1.380,0.100,-0.070,0,2.48000,,,0,5.190000,,,0,-0.660,0.040,-0.040,0
0,1.380,0.090,-0.070,0,2.48000,,,0,5.190000,,,0,-0.040,0.150,-0.163,0
0,1.380,0.080,-0.060,0,2.48000,,,0,5.190000,,,0,0.070,0.157,-0.165,0
0,1.380,0.070,-0.070,0,2.48000,,,0,5.190000,,,0,-0.120,0.094,-0.108,0
0,1.380,0.270,-0.270,0,2.48000,,,0,5.190000,,,0,-0.080,0.023,-0.023,0
0,1.380,0.060,-0.040,0,2.48000,,,0,5.190000,,,0,0.010,0.093,-0.104,0
0,1.380,0.270,-0.270,0,2.48000,,,0,5.190000,,,0,-0.070,0.107,-0.114,0
0,1.380,0.170,-0.120,0,2.48000,,,0,5.190000,,,0,0.220,0.077,-0.082,0
0,1.380,0.290,-0.190,0,2.48000,,,0,5.190000,,,0,0.070,0.088,-0.081,0
0,1.380,,,0,2.48000,1.19000,-0.98000,0,5.190000,,,0,,,,
0,0.953,0.089,-0.075,0,0.81800,,,0,5.190000,,,0,-0.070,0.110,-0.110,0
0,2.100,0.120,-0.120,0,9.10000,,,1,5.200000,,,1,-0.255,0.065,-0.065,0
0,0.740,0.060,-0.060,0,0.50000,0.30000,-0.30000,0,5.200000,3.300000,-3.400000,0,0.191,0.013,-0.013,0
0,0.960,0.110,-0.150,0,0.84000,,,0,5.220000,,,0,0.019,0.235,-0.235,0
0,1.371,0.284,-0.188,0,2.45000,,,0,5.220000,,,0,-0.543,0.278,-0.278,0
0,0.960,0.200,-0.130,0,0.84000,,,0,5.220000,,,0,-0.030,0.084,-0.111,0
0,0.960,0.110,-0.100,0,0.84000,,,0,5.220000,,,0,-0.110,,,0
0,0.960,0.510,-0.510,0,0.84000,,,0,5.220000,,,0,0.140,0.150,-0.100,0
0,0.960,0.080,-0.070,0,0.84000,,,0,5.220000,,,0,0.020,0.081,-0.081,0
0,1.371,0.275,-0.121,0,2.45000,,,0,5.230000,,,0,-0.070,0.080,-0.080,0
0,1.370,0.100,-0.070,0,2.45000,,,0,5.240000,,,0,-0.050,0.070,-0.070,0
0,0.970,0.100,-0.080,0,0.87100,,,0,5.240000,,,0,0.160,0.089,-0.088,0
0,0.970,0.420,-0.150,0,0.87100,,,0,5.240000,,,0,0.000,0.120,-0.190,0
0,0.970,0.160,-0.090,0,0.87100,,,0,5.240000,,,0,-0.040,0.156,-0.189,0
0,1.370,0.300,-0.310,0,2.45000,,,0,5.240000,,,0,0.050,0.102,-0.064,0
0,1.370,0.090,-0.050,0,2.45000,,,0,5.240000,,,0,0.000,0.098,-0.100,0
0,1.370,0.170,-0.130,0,2.45000,,,0,5.240000,,,0,-0.020,0.142,-0.167,0
0,0.970,0.220,-0.090,0,0.87100,,,0,5.240000,,,0,0.000,0.077,-0.080,0
0,1.370,0.560,-0.560,0,2.45000,,,0,5.240000,,,0,0.180,0.150,-0.150,0
0,1.370,0.270,-0.270,0,2.45000,,,0,5.240000,,,0,-0.120,0.110,-0.112,0
0,1.370,0.640,-0.640,0,2.45000,,,0,5.240000,,,0,-0.123,0.012,-0.012,0
0,1.370,0.280,-0.160,0,2.45000,,,0,5.240000,,,0,0.000,0.134,-0.186,0
0,1.370,0.070,-0.060,0,2.45000,,,0,5.240000,,,0,-0.300,0.138,-0.143,0
0,1.370,0.130,-0.100,0,2.45000,,,0,5.240000,,,0,-0.010,0.142,-0.157,0
0,1.364,0.143,-0.105,0,2.43000,,,0,5.260000,,,0,-0.040,0.080,-0.080,0
0,1.361,0.114,-0.106,0,2.42000,,,0,5.270000,,,0,-0.250,0.235,-0.235,0
0,0.977,,,0,0.89400,,,0,5.270000,,,0,0.160,0.150,-0.150,0
0,0.980,0.050,-0.040,0,0.90400,,,0,5.280000,,,0,0.100,0.160,-0.171,0
0,0.980,0.200,-0.090,0,0.90400,,,0,5.280000,,,0,0.000,0.131,-0.177,0
0,0.980,0.060,-0.060,0,0.90400,,,0,5.280000,,,0,-0.174,0.021,-0.021,0
0,1.360,0.096,-0.088,0,2.42000,,,0,5.290000,,,0,0.014,0.235,-0.235,0
0,1.360,0.200,-0.220,0,2.42000,,,0,5.290000,,,0,-0.030,0.158,-0.163,0
0,1.360,0.100,-0.080,0,2.42000,,,0,5.290000,,,0,0.010,0.150,-0.161,0
0,1.360,,,0,2.42000,,,0,5.290000,,,0,0.200,0.200,-0.260,0
0,1.360,0.590,-0.590,0,2.42000,,,0,5.290000,,,0,-0.338,0.013,-0.013,0
0,1.360,0.720,-0.720,0,2.42000,,,0,5.290000,,,0,-0.010,0.144,-0.167,0
0,1.360,0.590,-0.590,0,2.42000,,,0,5.290000,,,0,0.160,0.150,-0.150,0
0,1.360,0.670,-0.670,0,2.42000,,,0,5.290000,,,0,0.070,0.100,-0.100,0
0,1.360,0.460,-0.220,0,2.42000,,,0,5.290000,,,0,0.020,0.129,-0.164,0
0,1.360,0.330,-0.260,0,2.42000,,,0,5.290000,,,0,0.050,0.081,-0.077,0
0,1.360,0.160,-0.160,0,2.42000,,,0,5.290000,,,0,,,,
0,1.357,0.176,-0.102,0,2.41000,,,0,5.300000,,,0,-0.190,0.080,-0.080,0
0,1.357,,,0,2.41000,,,0,5.300000,,,0,0.040,0.150,-0.150,0
0,0.990,0.100,-0.100,0,0.93700,,,0,5.310000,,,0,0.280,0.030,-0.030,0
0,0.990,0.050,-0.049,0,0.93700,,,0,5.310000,,,0,0.142,0.015,-0.015,0
0,0.990,0.130,-0.090,0,0.93700,,,0,5.310000,,,0,0.290,0.065,-0.062,0
0,1.354,,,0,2.40000,,,0,5.310000,,,0,-0.300,0.300,-0.300,0
0,0.990,0.220,-0.220,0,0.93700,,,0,5.310000,,,0,-0.202,0.009,-0.009,0
0,0.990,0.020,-0.050,0,0.93700,,,0,5.310000,,,0,0.220,0.051,-0.048,0
0,0.997,,,0,0.96000,0.15000,-0.13000,0,5.320000,,,0,,,,
0,0.997,,,0,0.96100,,,0,5.330000,,,0,0.080,0.150,-0.150,0
0,1.201,0.028,-0.028,0,1.68000,0.27000,-0.27000,0,5.330000,0.970000,-0.930000,0,-0.180,0.080,-0.080,0
0,1.000,0.120,-0.110,0,0.97200,,,0,5.340000,,,0,-0.113,0.060,-0.060,0
0,1.000,0.100,-0.090,0,0.97200,,,0,5.340000,,,0,-0.330,0.093,-0.093,0
0,1.000,0.100,-0.080,0,0.97200,,,0,5.340000,,,0,0.130,0.080,-0.080,0
0,1.350,0.110,-0.110,0,2.39000,,,0,5.340000,,,0,-0.010,0.050,-0.050,0
0,1.348,0.202,-0.181,0,2.38000,,,0,5.340000,,,0,0.130,0.080,-0.080,0
0,1.000,0.100,-0.100,0,0.97200,,,0,5.340000,,,0,-0.100,0.100,-0.100,0
0,1.350,0.080,-0.070,0,2.39000,,,0,5.340000,,,0,-0.080,0.108,-0.119,0
0,1.350,0.630,-0.250,0,2.39000,,,0,5.340000,,,0,0.050,0.143,-0.165,0
0,1.350,0.070,-0.130,0,2.39000,,,0,5.340000,,,0,-0.100,0.155,-0.204,0
0,1.000,0.200,-0.110,0,0.97200,,,0,5.340000,,,0,0.020,0.154,-0.162,0
0,1.350,0.260,-0.260,0,2.39000,,,0,5.340000,,,0,-0.185,0.013,-0.013,0
0,1.000,0.220,-0.110,0,0.97200,,,0,5.340000,,,0,0.030,0.147,-0.162,0
0,1.350,0.180,-0.120,0,2.39000,,,0,5.340000,,,0,-0.100,0.159,-0.175,0
0,1.350,0.200,-0.150,0,2.39000,,,0,5.340000,,,0,0.040,0.151,-0.170,0
0,1.350,0.720,-0.720,0,2.39000,,,0,5.340000,,,0,0.187,0.036,-0.036,0
0,1.350,0.720,-0.720,0,2.39000,,,0,5.340000,,,0,0.187,0.036,-0.036,0
0,1.350,0.530,-0.530,0,2.39000,,,0,5.340000,,,0,0.160,0.150,-0.150,0
0,1.000,0.210,-0.210,0,0.97200,,,0,5.340000,,,0,-0.436,0.017,-0.017,0
0,1.350,0.220,-0.220,0,2.39000,,,0,5.340000,,,0,-0.300,0.120,-0.120,0
0,1.350,0.080,-0.070,0,2.39000,,,0,5.340000,,,0,-0.010,0.159,-0.173,0
0,1.345,0.139,-0.082,0,2.37000,,,0,5.350000,,,0,0.068,0.198,-0.198,0
0,1.350,,,0,2.40000,0.40000,-0.40000,0,5.360000,,,0,-0.400,0.010,-0.010,0
0,1.011,,,0,1.01000,,,0,5.370000,,,0,0.000,0.150,-0.150,0
0,1.017,0.051,-0.051,0,1.03000,,,0,5.380000,,,0,-0.150,0.110,-0.110,0
0,1.010,,,0,1.01000,,,0,5.380000,,,0,-0.440,0.300,-0.300,0
0,1.030,,,0,1.07000,0.06000,-0.06000,0,5.380000,,,0,,,,
0,1.010,0.240,-0.130,0,1.01000,,,0,5.390000,,,0,,,,
0,1.340,0.077,-0.076,0,2.36000,,,0,5.390000,,,0,,,,
0,1.010,0.120,-0.120,0,1.01000,,,0,5.390000,,,0,,,,
0,1.010,0.100,-0.070,0,1.01000,,,0,5.390000,,,0,0.010,0.141,-0.155,0
0,1.340,0.100,-0.080,0,2.36000,,,0,5.390000,,,0,0.010,0.148,-0.162,0
0,1.020,0.060,-0.060,0,1.04000,,,0,5.390000,,,0,0.010,0.147,-0.162,0
0,1.010,0.310,-0.120,0,1.01000,,,0,5.390000,,,0,0.020,0.134,-0.161,0
0,1.020,0.040,-0.040,0,1.04000,,,0,5.390000,,,0,-0.199,0.005,-0.005,0
0,1.340,0.720,-0.080,0,2.36000,,,0,5.390000,,,0,0.440,0.043,-0.059,0
0,1.010,0.100,-0.110,0,1.01000,,,0,5.390000,,,0,-0.040,0.155,-0.157,0
0,1.340,0.580,-0.230,0,2.36000,,,0,5.390000,,,0,0.020,0.119,-0.168,0
0,1.020,0.470,-0.150,0,1.04000,,,0,5.390000,,,0,0.020,0.127,-0.159,0
0,1.340,0.660,-0.660,0,2.36000,,,0,5.390000,,,0,0.130,0.058,-0.058,0
0,1.020,0.100,-0.070,0,1.04000,,,0,5.390000,,,0,0.130,0.087,-0.096,0
0,1.020,0.040,-0.040,0,1.04000,,,0,5.390000,,,0,-0.441,0.014,-0.014,0
0,1.010,0.250,-0.250,0,1.01000,,,0,5.390000,,,0,-0.250,0.132,-0.132,0
0,1.340,0.580,-0.580,0,2.36000,,,0,5.390000,,,0,0.160,0.150,-0.150,0
0,1.010,0.110,-0.110,0,1.01000,,,0,5.390000,,,0,0.050,0.099,-0.100,0
0,1.020,0.190,-0.190,0,1.04000,,,0,5.390000,,,0,0.337,0.047,-0.047,0
0,1.010,0.110,-0.110,0,1.01000,,,0,5.390000,,,0,0.053,0.015,-0.015,0
0,1.340,0.110,-0.180,0,2.36000,,,0,5.390000,,,0,-0.370,0.100,-0.100,0
0,2.490,0.170,-0.190,0,6.76000,,,0,5.400000,5.400000,-3.500000,0,-0.110,0.130,-0.130,0
0,1.152,0.073,-0.070,0,1.50000,0.39000,-0.44000,0,5.400000,1.900000,-1.700000,0,-0.230,0.050,-0.050,0
0,1.050,,,0,1.14000,0.11000,-0.10000,0,5.410000,,,0,-0.180,0.160,-0.160,0
0,1.330,,,0,2.32000,7.43000,-1.56000,0,5.420000,,,0,,,,
0,1.027,,,0,1.07000,,,0,5.420000,,,0,0.020,0.150,-0.150,0
0,1.040,,,0,1.11000,0.16000,-0.15000,0,5.420000,,,0,-0.190,0.160,-0.160,0
0,1.030,0.085,-0.086,0,1.08000,,,0,5.430000,,,0,-0.330,0.040,-0.040,0
0,1.030,,,0,1.08000,0.13000,-0.13000,0,5.430000,,,0,-0.250,0.190,-0.190,0
0,1.030,0.110,-0.050,0,1.08000,,,0,5.430000,,,0,-0.230,0.120,-0.130,0
0,1.030,0.170,-0.110,0,1.08000,,,0,5.430000,,,0,0.020,0.079,-0.085,0
0,1.030,0.060,-0.050,0,1.08000,,,0,5.430000,,,0,-0.110,0.103,-0.112,0
0,1.030,0.370,-0.150,0,1.08000,,,0,5.430000,,,0,0.010,0.136,-0.172,0
0,1.030,0.180,-0.110,0,1.08000,,,0,5.430000,,,0,0.030,0.140,-0.166,0
0,1.030,0.540,-0.540,0,1.08000,,,0,5.430000,,,0,0.111,0.013,-0.013,0
0,1.030,0.240,-0.240,0,1.08000,,,0,5.430000,,,0,-0.400,0.042,-0.042,0
0,1.030,0.080,-0.080,0,1.08000,,,0,5.430000,,,0,-0.020,0.090,-0.090,0
0,1.060,,,0,1.18000,0.16000,-0.16000,0,5.440000,,,0,0.090,0.170,-0.170,0
0,1.330,0.190,-0.180,0,2.33000,,,0,5.440000,,,0,-0.110,0.120,-0.120,0
0,1.330,0.110,-0.080,0,2.33000,,,0,5.440000,,,0,0.030,0.050,-0.050,0
0,1.330,0.100,-0.090,0,2.33000,,,0,5.440000,,,0,,,,
0,1.332,0.107,-0.100,0,2.34000,,,0,5.440000,,,0,-0.250,0.235,-0.235,0
0,1.330,0.150,-0.110,0,2.33000,,,0,5.440000,,,0,-0.090,0.166,-0.195,0
0,1.330,0.080,-0.050,0,2.33000,,,0,5.440000,,,0,-0.040,0.092,-0.086,0
0,1.330,0.050,-0.110,0,2.33000,,,0,5.440000,,,0,-0.020,0.149,-0.161,0
0,1.330,0.120,-0.080,0,2.33000,,,0,5.440000,,,0,0.140,0.081,-0.082,0
0,1.330,0.180,-0.180,0,2.33000,,,0,5.440000,,,0,-0.140,0.147,-0.145,0
0,1.330,0.260,-0.260,0,2.33000,,,0,5.440000,,,0,-0.185,0.013,-0.013,0
0,1.330,0.110,-0.090,0,2.33000,,,0,5.440000,,,0,-0.010,0.141,-0.156,0
0,1.330,0.530,-0.260,0,2.33000,,,0,5.440000,,,0,0.010,0.132,-0.176,0
0,1.330,0.470,-0.240,0,2.33000,,,0,5.440000,,,0,0.070,0.090,-0.087,0
0,1.033,,,0,1.09000,,,0,5.440000,,,0,0.120,0.150,-0.150,0
0,1.330,0.120,-0.120,0,2.33000,,,0,5.440000,,,0,-0.174,0.021,-0.021,0
0,1.330,0.240,-0.240,0,2.33000,,,0,5.440000,,,0,-0.020,0.107,-0.115,0
0,1.330,0.270,-0.270,0,2.33000,,,0,5.440000,,,0,-0.120,0.110,-0.112,0
0,1.330,0.250,-0.250,0,2.33000,,,0,5.440000,,,0,0.070,0.098,-0.089,0
0,1.330,0.310,-0.310,0,2.33000,,,0,5.440000,,,0,0.032,0.022,-0.022,0
0,1.330,0.090,-0.100,0,2.33000,,,0,5.440000,,,0,-0.120,0.159,-0.201,0
0,1.330,0.140,-0.090,0,2.33000,,,0,5.440000,,,0,-0.010,0.149,-0.155,0
0,1.480,0.130,-0.130,0,3.51000,1.90000,-1.90000,0,5.440000,3.480000,-3.480000,0,-0.200,0.070,-0.070,0
0,1.020,,,0,1.05000,0.13000,-0.12000,0,5.440000,,,0,-0.190,0.160,-0.160,0
0,1.116,0.014,-0.012,0,1.37400,0.06900,-0.06900,0,5.441939,0.264654,-0.275681,0,0.040,0.080,-0.080,0
0,1.097,0.014,-0.012,0,1.30800,0.05600,-0.05600,0,5.463993,0.220545,-0.237085,0,0.040,0.080,-0.080,0
0,1.040,0.037,-0.032,0,1.12000,,,0,5.470000,,,0,0.000,,,0
0,1.040,0.100,-0.090,0,1.12000,,,0,5.470000,,,0,,,,
0,1.040,0.080,-0.070,0,1.12000,,,0,5.470000,,,0,-0.030,0.147,-0.155,0
0,1.040,0.290,-0.130,0,1.12000,,,0,5.470000,,,0,0.050,0.147,-0.161,0
0,1.040,0.110,-0.110,0,1.12000,,,0,5.470000,,,0,-0.130,0.172,-0.200,0
0,1.326,,,0,2.32000,,,0,5.470000,,,0,0.250,0.013,-0.013,0
0,1.326,,,0,2.32000,,,0,5.470000,,,0,0.000,0.150,-0.150,0
0,1.030,,,0,1.09000,0.12000,-0.12000,0,5.480000,,,0,-0.180,0.160,-0.160,0
0,1.320,0.080,-0.080,0,2.30000,,,0,5.500000,,,0,0.040,0.040,-0.040,0
0,1.320,0.140,-0.090,0,2.30000,,,0,5.500000,,,0,0.020,0.096,-0.095,0
0,1.320,0.090,-0.080,0,2.30000,,,0,5.500000,,,0,-0.030,0.148,-0.169,0
0,1.320,0.210,-0.170,0,2.30000,,,0,5.500000,,,0,0.120,0.074,-0.076,0
0,1.320,0.190,-0.130,0,2.30000,,,0,5.500000,,,0,-0.050,0.153,-0.179,0
0,1.320,0.260,-0.260,0,2.30000,,,0,5.500000,,,0,-0.059,0.013,-0.013,0
0,1.319,,,0,2.30000,,,0,5.500000,,,0,-0.160,0.300,-0.300,0
0,1.320,0.360,-0.270,0,2.30000,,,0,5.500000,,,0,0.090,0.123,-0.084,0
0,1.320,0.140,-0.100,0,2.30000,,,0,5.500000,,,0,0.020,0.145,-0.181,0
0,1.320,0.140,-0.140,0,2.30000,,,0,5.500000,,,0,-0.070,0.114,-0.114,0
0,1.320,0.270,-0.270,0,2.30000,,,0,5.500000,,,0,-0.010,0.090,-0.104,0
0,1.320,0.630,-0.630,0,2.30000,,,0,5.500000,,,0,0.082,0.020,-0.020,0
0,1.320,0.520,-0.520,0,2.30000,,,0,5.500000,,,0,-0.178,0.013,-0.013,0
0,1.320,0.090,-0.090,0,2.30000,,,0,5.500000,,,0,-0.020,0.090,-0.090,0
0,1.320,0.250,-0.130,0,2.30000,,,0,5.500000,,,0,0.030,0.134,-0.166,0
0,1.320,0.070,-0.070,0,2.30000,,,0,5.500000,,,0,-0.070,0.077,-0.082,0
0,1.320,0.210,-0.210,0,2.30000,,,0,5.500000,,,0,0.098,0.040,-0.040,0
0,1.080,,,0,1.26000,0.21000,-0.21000,0,5.500000,,,0,0.070,0.190,-0.190,0
0,1.047,0.276,-0.257,0,1.15000,,,0,5.510000,,,0,-0.048,0.150,-0.210,0
0,1.050,0.090,-0.080,0,1.16000,,,0,5.510000,,,0,0.050,0.155,-0.160,0
0,1.050,0.210,-0.090,0,1.16000,,,0,5.510000,,,0,0.070,0.149,-0.154,0
0,1.050,0.440,-0.440,0,1.16000,,,0,5.510000,,,0,0.141,0.013,-0.013,0
0,1.050,0.050,-0.030,0,1.16000,,,0,5.510000,,,0,0.100,0.087,-0.085,0
0,1.258,0.040,-0.039,0,2.57000,0.50000,-0.50000,0,5.510000,1.600000,-1.600000,0,-0.029,0.061,-0.043,0
0,1.320,,,0,2.31000,0.50000,-0.49000,0,5.520000,,,0,-0.270,0.090,-0.090,0
0,1.313,0.101,-0.095,0,2.28000,,,0,5.530000,,,0,-0.234,0.235,-0.235,0
0,1.060,0.060,-0.080,0,1.20000,,,0,5.540000,,,0,0.040,0.156,-0.196,0
0,1.060,0.060,-0.040,0,1.20000,,,0,5.540000,,,0,0.010,0.092,-0.088,0
0,1.060,0.090,-0.070,0,1.20000,,,0,5.540000,,,0,-0.020,0.144,-0.171,0
0,1.060,0.260,-0.120,0,1.20000,,,0,5.540000,,,0,0.030,0.140,-0.167,0
0,1.060,0.470,-0.170,0,1.20000,,,0,5.540000,,,0,0.020,0.125,-0.184,0
0,1.060,0.150,-0.100,0,1.20000,,,0,5.540000,,,0,-0.150,0.110,-0.110,0
0,1.060,0.110,-0.110,0,1.20000,,,0,5.540000,,,0,-0.230,0.110,-0.166,0
0,1.310,0.144,-0.063,0,2.27000,,,0,5.550000,,,0,-0.130,0.080,-0.080,0
0,1.310,0.170,-0.170,0,2.27000,,,0,5.550000,,,0,-0.120,0.180,-0.180,0
0,1.310,0.090,-0.110,0,2.27000,,,0,5.550000,,,0,-0.100,0.149,-0.203,0
0,1.310,0.230,-0.230,0,2.27000,,,0,5.550000,,,0,0.130,0.090,-0.082,0
0,1.310,0.350,-0.180,0,2.27000,,,0,5.550000,,,0,-0.010,0.132,-0.179,0
0,1.310,0.220,-0.130,0,2.27000,,,0,5.550000,,,0,0.010,0.145,-0.166,0
0,1.310,0.200,-0.130,0,2.27000,,,0,5.550000,,,0,-0.070,0.155,-0.189,0
0,1.310,0.310,-0.180,0,2.27000,,,0,5.550000,,,0,0.040,0.143,-0.171,0
0,1.310,0.420,-0.420,0,2.27000,,,0,5.550000,,,0,-0.030,0.143,-0.152,0
0,1.310,0.700,-0.700,0,2.27000,,,0,5.550000,,,0,0.111,0.013,-0.013,0
0,1.310,0.100,-0.080,0,2.27000,,,0,5.550000,,,0,-0.030,0.155,-0.160,0
0,1.310,0.040,-0.040,0,2.27000,,,0,5.550000,,,0,0.040,0.060,-0.060,0
0,1.076,0.232,-0.060,0,1.26000,,,0,5.560000,,,0,0.068,0.198,-0.198,0
0,1.070,0.060,-0.080,0,1.24000,,,0,5.560000,,,0,-0.050,0.155,-0.173,0
0,1.070,0.090,-0.080,0,1.24000,,,0,5.560000,,,0,-0.010,0.144,-0.160,0
0,1.070,0.190,-0.100,0,1.24000,,,0,5.560000,,,0,-0.040,0.146,-0.172,0
0,1.073,,,0,1.25000,,,0,5.560000,,,0,0.080,0.057,-0.057,0
0,1.070,0.120,-0.120,0,1.24000,,,0,5.560000,,,0,-0.280,0.100,-0.100,0
0,1.307,,,0,2.26000,,,0,5.560000,,,0,-0.180,0.250,-0.300,0
0,1.070,0.060,-0.060,0,1.24000,,,0,5.560000,,,0,-0.050,0.080,-0.111,0
0,1.070,0.220,-0.220,0,1.24000,,,0,5.560000,,,0,-0.104,0.012,-0.012,0
0,1.070,0.070,-0.050,0,1.24000,,,0,5.560000,,,0,-0.030,0.094,-0.099,0
0,1.073,0.059,-0.054,0,1.25000,,,0,5.560000,,,0,-0.070,0.110,-0.110,0
0,1.075,0.142,-0.104,0,1.26000,,,0,5.570000,,,0,-0.244,0.235,-0.235,0
0,1.470,0.030,-0.020,0,3.26000,0.30000,-0.30000,0,5.570000,0.610000,-0.590000,0,-0.150,0.040,-0.040,0
0,1.067,,,0,1.23000,,,0,5.570000,,,0,-0.320,0.150,-0.150,0
0,1.147,0.055,-0.054,0,1.54000,0.20000,-0.19000,0,5.570000,0.680000,-0.600000,0,-0.340,0.090,-0.090,0
0,1.080,0.110,-0.110,0,1.28000,,,0,5.580000,,,0,,,,
0,1.080,0.090,-0.080,0,1.28000,,,0,5.580000,,,0,-0.010,0.150,-0.157,0
0,1.303,0.022,-0.022,0,2.25000,,,0,5.590000,,,0,,,,
0,1.300,0.100,-0.100,0,2.24000,,,0,5.600000,,,0,-0.010,0.030,-0.030,0
0,1.217,0.084,-0.083,0,1.84000,0.31000,-0.31000,0,5.600000,1.700000,-1.300000,0,-0.120,0.160,-0.160,0
0,1.670,0.170,-0.100,0,4.97000,0.24000,-0.23000,0,5.600000,1.200000,-1.300000,0,0.040,0.050,-0.050,0
0,1.300,0.100,-0.100,0,2.24000,,,0,5.600000,,,0,0.140,0.040,-0.040,0
0,1.300,0.200,-0.200,0,2.24000,,,0,5.600000,,,0,-0.040,0.030,-0.030,0
0,1.300,0.130,-0.110,0,2.24000,,,0,5.600000,,,0,-0.225,0.053,-0.053,0
0,1.300,0.240,-0.140,0,2.24000,,,0,5.600000,,,0,-0.020,0.141,-0.173,0
0,1.090,0.210,-0.210,0,1.32000,,,0,5.600000,,,0,-0.050,0.015,-0.015,0
0,1.090,0.040,-0.200,0,1.32000,,,0,5.600000,,,0,0.050,0.147,-0.177,0
0,1.300,0.070,-0.120,0,2.24000,,,0,5.600000,,,0,-0.100,0.149,-0.203,0
0,1.300,0.120,-0.090,0,2.24000,,,0,5.600000,,,0,-0.040,0.165,-0.183,0
0,1.090,0.260,-0.180,0,1.32000,,,0,5.600000,,,0,0.040,0.145,-0.160,0
0,1.300,0.210,-0.150,0,2.24000,,,0,5.600000,,,0,0.090,0.082,-0.079,0
0,1.090,0.440,-0.170,0,1.32000,,,0,5.600000,,,0,0.080,0.149,-0.145,0
0,1.300,,,0,2.24000,,,0,5.600000,,,0,0.380,0.050,-0.150,0
0,1.090,0.210,-0.210,0,1.32000,,,0,5.600000,,,0,0.116,0.043,-0.043,0
0,1.090,0.050,-0.050,0,1.32000,,,0,5.600000,,,0,-0.340,0.090,-0.095,0
0,1.090,0.080,-0.080,0,1.32000,,,0,5.600000,,,0,-0.100,0.109,-0.098,0
0,1.300,0.160,-0.160,0,2.24000,,,0,5.600000,,,0,0.197,0.014,-0.014,0
0,1.300,0.240,-0.170,0,2.24000,,,0,5.600000,,,0,0.060,0.081,-0.076,0
0,1.300,0.360,-0.220,0,2.24000,,,0,5.600000,,,0,0.090,0.089,-0.075,0
0,1.090,0.190,-0.130,0,1.32000,,,0,5.600000,,,0,0.190,0.080,-0.084,0
0,1.672,0.071,-0.071,0,4.82000,1.30000,-1.30000,0,5.600000,1.800000,-1.600000,0,-0.070,0.020,-0.020,0
0,1.300,0.050,-0.050,0,2.24000,,,0,5.600000,,,0,,,,
0,1.100,,,0,1.36000,0.17000,-0.17000,0,5.610000,,,0,-0.250,0.190,-0.190,0
0,1.092,,,0,1.33000,,,0,5.610000,,,0,-0.420,0.350,-0.300,0
0,1.089,,,0,1.32000,,,0,5.610000,,,0,0.040,0.250,-0.300,0
0,1.669,0.114,-0.099,0,4.77000,0.55000,-0.68000,0,5.620000,1.500000,-1.300000,0,-0.230,0.050,-0.050,0
0,1.664,0.043,-0.043,0,4.72000,0.42000,-0.42000,0,5.623888,0.716770,-0.661634,0,-0.240,0.050,-0.050,0
0,1.110,,,0,1.40000,0.21000,-0.21000,0,5.630000,,,0,-0.020,0.080,-0.080,0
0,1.093,0.152,-0.092,0,1.34000,,,0,5.640000,,,0,-0.190,0.080,-0.080,0
0,1.100,0.300,-0.200,0,1.37000,,,0,5.660000,,,0,-0.180,0.250,-0.250,0
0,1.100,,,0,1.37000,0.16000,-0.15000,0,5.660000,,,0,-0.080,0.080,-0.080,0
0,1.100,0.090,-0.060,0,1.37000,,,0,5.660000,,,0,-0.330,0.080,-0.080,0
0,1.100,0.100,-0.080,0,1.37000,,,0,5.660000,,,0,0.090,0.080,-0.080,0
0,1.100,0.100,-0.100,0,1.37000,,,0,5.660000,,,0,-0.100,0.100,-0.100,0
0,1.100,0.100,-0.100,0,1.37000,,,0,5.660000,,,0,-0.100,0.100,-0.100,0
0,1.290,0.140,-0.130,0,2.21000,,,0,5.660000,,,0,,,,
0,1.100,0.180,-0.180,0,1.37000,,,0,5.660000,,,0,,,,
0,1.290,0.080,-0.060,0,2.21000,,,0,5.660000,,,0,0.050,0.109,-0.102,0
0,1.100,0.180,-0.130,0,1.37000,,,0,5.660000,,,0,0.040,0.095,-0.083,0
0,1.290,0.120,-0.080,0,2.21000,,,0,5.660000,,,0,0.120,0.145,-0.148,0
0,1.100,0.240,-0.120,0,1.37000,,,0,5.660000,,,0,0.060,0.139,-0.157,0
0,1.290,0.350,-0.140,0,2.21000,,,0,5.660000,,,0,0.040,0.135,-0.166,0
0,1.290,0.280,-0.150,0,2.21000,,,0,5.660000,,,0,0.080,0.138,-0.153,0
0,1.290,0.470,-0.190,0,2.21000,,,0,5.660000,,,0,0.070,0.140,-0.141,0
0,1.290,0.640,-0.640,0,2.21000,,,0,5.660000,,,0,0.036,0.014,-0.014,0
0,1.105,,,0,1.39000,,,0,5.660000,,,0,0.160,0.150,-0.150,0
0,1.290,0.250,-0.250,0,2.21000,,,0,5.660000,,,0,0.121,0.051,-0.051,0
0,1.100,0.570,-0.570,0,1.37000,,,0,5.660000,,,0,0.111,0.013,-0.013,0
0,1.100,0.230,-0.230,0,1.37000,,,0,5.660000,,,0,-0.436,0.017,-0.017,0
0,1.290,0.250,-0.250,0,2.21000,,,0,5.660000,,,0,0.032,0.022,-0.022,0
0,1.100,,,0,1.37000,,,0,5.660000,,,0,0.020,0.141,-0.169,0
0,1.110,0.230,-0.150,0,1.41000,,,0,5.670000,,,0,-0.020,0.083,-0.108,0
0,1.110,0.170,-0.080,0,1.41000,,,0,5.670000,,,0,0.030,0.136,-0.152,0
0,1.110,0.070,-0.070,0,1.41000,,,0,5.670000,,,0,-0.460,0.097,-0.094,0
0,1.110,0.210,-0.200,0,1.41000,,,0,5.670000,,,0,0.190,0.091,-0.094,0
0,1.110,0.480,-0.180,0,1.41000,,,0,5.670000,,,0,-0.030,0.133,-0.217,0
0,1.289,,,0,2.21000,,,0,5.670000,,,0,0.026,0.043,-0.043,0
0,1.289,,,0,2.21000,,,0,5.670000,,,0,0.040,0.250,-0.300,0
0,1.110,0.050,-0.050,0,1.41000,,,0,5.670000,,,0,-0.200,0.100,-0.100,0
0,1.110,0.200,-0.200,0,1.41000,,,0,5.670000,,,0,0.046,0.013,-0.013,0
0,1.110,,,0,1.41000,,,0,5.670000,,,0,0.070,0.100,-0.100,0
0,1.110,0.180,-0.180,0,1.41000,,,0,5.670000,,,0,-0.300,0.120,-0.120,0
0,1.110,0.130,-0.090,0,1.41000,,,0,5.670000,,,0,0.090,0.096,-0.093,0
0,1.110,0.270,-0.150,0,1.41000,,,0,5.670000,,,0,-0.040,0.140,-0.183,0
0,1.112,,,0,1.42000,,,0,5.680000,,,0,0.360,0.100,-0.280,0
0,1.286,,,0,2.20000,,,0,5.690000,,,0,-0.020,0.300,-0.300,0
0,1.283,0.097,-0.089,0,2.19000,,,0,5.700000,,,0,0.014,0.235,-0.235,0
0,1.520,0.040,-0.040,0,4.14000,0.79000,-0.80000,0,5.700000,1.200000,-1.200000,0,0.170,0.060,-0.060,0
0,1.280,0.130,-0.100,0,2.18000,,,0,5.710000,,,0,0.070,0.070,-0.070,0
0,1.280,0.070,-0.050,0,2.18000,,,0,5.710000,,,0,-0.010,0.102,-0.102,0
0,1.280,0.090,-0.070,0,2.18000,,,0,5.710000,,,0,-0.030,0.139,-0.164,0
0,1.120,0.180,-0.130,0,1.46000,,,0,5.710000,,,0,-0.060,0.105,-0.125,0
0,1.280,0.120,-0.070,0,2.18000,,,0,5.710000,,,0,-0.590,0.074,-0.084,0
0,1.120,0.040,-0.070,0,1.46000,,,0,5.710000,,,0,-0.030,0.105,-0.105,0
0,1.120,0.470,-0.160,0,1.46000,,,0,5.710000,,,0,0.140,0.157,-0.143,0
0,1.280,0.250,-0.250,0,2.18000,,,0,5.710000,,,0,-0.216,0.013,-0.013,0
0,1.280,0.200,-0.110,0,2.18000,,,0,5.710000,,,0,-0.060,0.149,-0.196,0
0,1.120,0.070,-0.100,0,1.46000,,,0,5.710000,,,0,-0.080,0.153,-0.179,0
0,1.280,0.140,-0.120,0,2.18000,,,0,5.710000,,,0,-0.100,0.167,-0.194,0
0,1.280,0.080,-0.080,0,2.18000,,,0,5.710000,,,0,-0.510,0.060,-0.060,0
0,1.120,0.490,-0.490,0,1.46000,,,0,5.710000,,,0,0.160,0.150,-0.150,0
0,1.120,0.210,-0.210,0,1.46000,,,0,5.710000,,,0,-0.012,0.013,-0.013,0
0,1.120,0.250,-0.250,0,1.46000,,,0,5.710000,,,0,-0.202,0.009,-0.009,0
0,1.120,0.320,-0.320,0,1.46000,,,0,5.710000,,,0,-0.459,0.077,-0.077,0
0,1.120,0.160,-0.170,0,1.46000,,,0,5.710000,,,0,0.160,0.140,-0.140,0
0,1.117,,,0,1.45000,,,0,5.710000,,,0,-0.020,0.300,-0.300,0
0,1.120,0.090,-0.100,0,1.46000,,,0,5.710000,,,0,-0.190,0.180,-0.211,0
0,1.280,0.110,-0.070,0,2.18000,,,0,5.710000,,,0,0.050,0.157,-0.164,0
0,1.280,0.060,-0.070,0,2.18000,,,0,5.710000,,,0,-0.090,0.105,-0.081,0
0,1.120,0.130,-0.130,0,1.46000,,,0,5.710000,,,0,-0.090,0.190,-0.190,0
0,1.119,,,0,1.46000,,,0,5.720000,,,0,-0.035,0.013,-0.013,0
0,1.120,,,0,1.46000,,,0,5.720000,,,0,-0.060,0.150,-0.150,0
0,1.273,0.107,-0.077,0,2.16000,,,0,5.750000,,,0,0.260,0.080,-0.080,0
0,1.140,0.280,-0.120,0,1.55000,,,0,5.750000,,,0,-0.030,0.157,-0.170,0
0,1.140,0.090,-0.150,0,1.55000,,,0,5.750000,,,0,-0.090,0.212,-0.336,0
0,1.130,0.050,-0.110,0,1.51000,,,0,5.750000,,,0,0.000,0.149,-0.164,0
0,1.140,0.340,-0.150,0,1.55000,,,0,5.750000,,,0,0.030,0.134,-0.161,0
0,1.130,0.080,-0.080,0,1.51000,,,0,5.750000,,,0,0.050,0.104,-0.102,0
0,1.273,,,0,2.16000,,,0,5.750000,,,0,-0.220,0.150,-0.150,0
0,1.130,0.680,-0.680,0,1.51000,,,0,5.750000,,,0,0.020,0.137,-0.138,0
0,1.140,0.090,-0.090,0,1.55000,,,0,5.750000,,,0,-0.414,0.015,-0.015,0
0,1.140,0.540,-0.540,0,1.55000,,,0,5.750000,,,0,-0.123,0.012,-0.012,0
0,1.140,0.110,-0.110,0,1.55000,,,0,5.750000,,,0,0.030,0.102,-0.102,0
0,1.130,0.060,-0.060,0,1.51000,,,0,5.750000,,,0,-0.090,0.090,-0.082,0
0,1.130,0.330,-0.330,0,1.51000,,,0,5.750000,,,0,-0.459,0.077,-0.077,0
0,1.130,0.140,-0.140,0,1.51000,,,0,5.750000,,,0,0.040,0.080,-0.080,0
0,1.140,0.200,-0.140,0,1.55000,,,0,5.750000,,,0,0.000,0.090,-0.104,0
0,1.140,0.330,-0.240,0,1.55000,,,0,5.750000,,,0,0.000,0.070,-0.149,0
0,1.130,0.170,-0.110,0,1.51000,,,0,5.750000,,,0,0.080,0.079,-0.077,0
0,1.110,,,0,1.43000,0.45000,-0.32000,0,5.750000,,,0,,,,
0,1.274,0.145,-0.097,0,2.17000,,,0,5.760000,,,0,-0.050,0.080,-0.080,0
0,1.160,,,0,1.64000,0.24000,-0.23000,0,5.770000,,,0,-0.080,0.080,-0.080,0
0,1.270,0.560,-0.180,0,2.15000,,,0,5.770000,,,0,0.050,0.139,-0.141,0
0,1.270,0.440,-0.130,0,2.15000,,,0,5.770000,,,0,0.050,0.126,-0.163,0
0,1.270,0.410,-0.190,0,2.15000,,,0,5.770000,,,0,0.010,0.136,-0.175,0
0,1.270,0.620,-0.620,0,2.15000,,,0,5.770000,,,0,-0.023,0.046,-0.046,0
0,1.270,0.150,-0.140,0,2.15000,,,0,5.770000,,,0,-0.280,0.100,-0.100,0
0,1.139,,,0,1.55000,,,0,5.770000,,,0,0.000,0.150,-0.150,0
0,1.270,0.280,-0.280,0,2.15000,,,0,5.770000,,,0,-0.060,0.106,-0.104,0
0,1.270,0.550,-0.550,0,2.15000,,,0,5.770000,,,0,-0.040,0.250,-0.260,0
0,1.270,0.070,-0.100,0,2.15000,,,0,5.770000,,,0,-0.010,0.086,-0.086,0
0,1.270,0.100,-0.070,0,2.15000,,,0,5.770000,,,0,0.020,0.094,-0.098,0
0,1.270,0.070,-0.070,0,2.15000,,,0,5.770000,,,0,,,,
0,1.150,0.070,-0.070,0,1.60000,,,0,5.780000,,,0,-0.100,0.160,-0.200,0
0,1.150,0.190,-0.190,0,1.60000,,,0,5.780000,,,0,,,,
0,1.150,0.210,-0.160,0,1.60000,,,0,5.780000,,,0,-0.270,0.116,-0.128,0
0,1.150,0.200,-0.100,0,1.60000,,,0,5.780000,,,0,0.040,0.138,-0.159,0
0,1.150,0.250,-0.130,0,1.60000,,,0,5.780000,,,0,0.030,0.140,-0.164,0
0,1.150,0.100,-0.090,0,1.60000,,,0,5.780000,,,0,-0.090,0.143,-0.170,0
0,1.143,,,0,1.57000,,,0,5.780000,,,0,-0.020,0.300,-0.300,0
0,1.536,0.025,-0.025,0,3.80000,1.80000,-1.70000,0,5.800000,2.700000,-2.600000,0,0.321,0.065,-0.065,0
0,1.147,,,0,1.59000,,,0,5.800000,,,0,0.020,0.150,-0.150,0
0,1.160,0.100,-0.050,0,1.65000,,,0,5.810000,,,0,0.320,0.060,-0.070,0
0,1.160,0.130,-0.130,0,1.65000,,,0,5.810000,,,0,,,,
0,1.160,0.230,-0.230,0,1.65000,,,0,5.810000,,,0,-0.105,0.012,-0.012,0
0,1.160,0.540,-0.190,0,1.65000,,,0,5.810000,,,0,0.030,0.125,-0.173,0
0,1.160,0.160,-0.120,0,1.65000,,,0,5.810000,,,0,0.010,0.085,-0.090,0
0,1.160,0.100,-0.080,0,1.65000,,,0,5.810000,,,0,-0.040,0.152,-0.164,0
0,1.160,,,0,1.65000,,,0,5.810000,,,0,-0.240,0.300,-0.300,0
0,1.155,,,0,1.63000,,,0,5.810000,,,0,-0.160,0.300,-0.300,0
0,1.160,0.120,-0.120,0,1.65000,,,0,5.810000,,,0,-0.230,0.110,-0.166,0
0,1.160,0.190,-0.190,0,1.65000,,,0,5.810000,,,0,0.397,0.026,-0.026,0
0,1.180,,,0,1.74000,0.23000,-0.23000,0,5.820000,,,0,-0.080,0.080,-0.080,0
0,1.170,,,0,1.70000,0.20000,-0.20000,0,5.830000,,,0,-0.088,0.074,-0.074,0
0,1.163,0.051,-0.049,0,1.67000,,,0,5.830000,,,0,-0.051,0.235,-0.235,0
0,1.262,,,0,2.13000,,,0,5.830000,,,0,-0.046,0.042,-0.042,0
0,1.260,,,0,2.12000,,,0,5.830000,,,0,0.034,0.032,-0.032,0
0,1.165,,,0,1.68000,,,0,5.840000,,,0,-0.180,0.300,-0.300,0
0,1.160,,,0,1.66000,0.18000,-0.18000,0,5.840000,,,0,,,,
0,1.260,0.110,-0.090,0,2.13000,,,0,5.850000,,,0,-0.180,0.060,-0.060,0
0,1.260,0.080,-0.070,0,2.13000,,,0,5.850000,,,0,0.010,0.163,-0.172,0
0,1.260,0.250,-0.250,0,2.13000,,,0,5.850000,,,0,-0.207,0.013,-0.013,0
0,1.260,0.230,-0.140,0,2.13000,,,0,5.850000,,,0,0.040,0.137,-0.171,0
0,1.260,0.520,-0.240,0,2.13000,,,0,5.850000,,,0,0.040,0.130,-0.161,0
0,1.260,0.670,-0.670,0,2.13000,,,0,5.850000,,,0,0.030,0.132,-0.149,0
0,1.167,,,0,1.69000,,,0,5.850000,,,0,0.140,0.150,-0.150,0
0,1.260,0.090,-0.090,0,2.13000,,,0,5.850000,,,0,0.151,0.033,-0.033,0
0,1.260,0.050,-0.050,0,2.13000,,,0,5.850000,,,0,-0.010,0.100,-0.108,0
0,1.180,,,0,1.75000,0.25000,-0.40000,0,5.850000,,,0,-0.520,0.010,-0.010,0
0,1.170,,,0,1.71000,0.24000,-0.24000,0,5.870000,,,0,-0.090,0.160,-0.160,0
0,1.170,0.280,-0.110,0,1.71000,,,0,5.870000,,,0,-0.030,0.135,-0.183,0
0,1.170,0.670,-0.670,0,1.71000,,,0,5.870000,,,0,0.160,0.150,-0.150,0
0,1.170,0.620,-0.620,0,1.71000,,,0,5.870000,,,0,-0.010,0.144,-0.167,0
0,1.170,0.080,-0.080,0,1.71000,,,0,5.870000,,,0,-0.100,0.109,-0.098,0
0,1.170,0.140,-0.110,0,1.71000,,,0,5.870000,,,0,-0.140,0.117,-0.120,0
0,1.170,0.060,-0.060,0,1.71000,,,0,5.870000,,,0,,,,
0,1.176,0.057,-0.044,0,1.74000,,,0,5.880000,,,0,0.119,0.080,-0.075,0
0,1.176,,,0,1.74000,,,0,5.880000,,,0,0.060,0.150,-0.150,0
0,1.180,0.200,-0.110,0,1.76000,,,0,5.890000,,,0,0.240,0.075,-0.077,0
0,1.180,0.220,-0.120,0,1.76000,,,0,5.890000,,,0,-0.020,0.139,-0.180,0
0,1.180,0.160,-0.120,0,1.76000,,,0,5.890000,,,0,-0.130,0.116,-0.117,0
0,1.180,0.250,-0.130,0,1.76000,,,0,5.890000,,,0,-0.010,0.137,-0.186,0
0,1.180,0.090,-0.080,0,1.76000,,,0,5.890000,,,0,-0.030,0.201,-0.178,0
0,1.180,0.090,-0.090,0,1.76000,,,0,5.890000,,,0,-0.060,0.158,-0.166,0
0,1.180,0.070,-0.110,0,1.76000,,,0,5.890000,,,0,0.200,0.106,-0.390,0
0,1.180,0.060,-0.090,0,1.76000,,,0,5.890000,,,0,-0.080,0.159,-0.160,0
0,1.180,,,0,1.76000,,,0,5.890000,,,0,0.140,0.150,-0.150,0
0,1.184,,,0,1.78000,,,0,5.890000,,,0,-0.020,0.300,-0.300,0
0,1.180,,,0,1.76000,,,0,5.890000,,,0,0.100,0.150,-0.150,0
0,1.180,0.080,-0.080,0,1.76000,,,0,5.890000,,,0,-0.100,0.109,-0.098,0
0,1.180,0.620,-0.620,0,1.76000,,,0,5.890000,,,0,0.140,0.150,-0.150,0
0,1.180,0.090,-0.050,0,1.76000,,,0,5.890000,,,0,0.150,0.148,-0.160,0
0,1.170,,,0,1.72000,0.61800,-0.72500,0,5.900000,,,0,-0.100,0.040,-0.040,0
0,1.190,0.140,-0.140,0,1.81000,,,0,5.900000,,,0,-0.120,0.180,-0.180,0
0,1.190,0.170,-0.080,0,1.81000,,,0,5.900000,,,0,0.050,0.128,-0.152,0
0,1.190,0.130,-0.100,0,1.81000,,,0,5.900000,,,0,0.130,0.076,-0.083,0
0,1.190,0.200,-0.110,0,1.81000,,,0,5.900000,,,0,-0.020,0.084,-0.096,0
0,1.190,0.090,-0.080,0,1.81000,,,0,5.900000,,,0,-0.010,0.092,-0.097,0
0,1.190,0.250,-0.140,0,1.81000,,,0,5.900000,,,0,-0.010,0.149,-0.169,0
0,1.190,0.080,-0.120,0,1.81000,,,0,5.900000,,,0,-0.160,0.161,-0.235,0
0,1.190,0.240,-0.240,0,1.81000,,,0,5.900000,,,0,0.021,0.013,-0.013,0
0,1.190,0.560,-0.560,0,1.81000,,,0,5.900000,,,0,-0.070,0.152,-0.178,0
0,1.190,0.240,-0.240,0,1.81000,,,0,5.900000,,,0,-0.060,0.106,-0.104,0
0,1.190,0.040,-0.040,0,1.81000,,,0,5.900000,,,0,-0.040,0.103,-0.100,0
0,1.190,0.110,-0.090,0,1.81000,,,0,5.900000,,,0,0.260,0.068,-0.065,0
0,1.250,0.200,-0.140,0,2.10000,,,0,5.910000,,,0,-0.240,0.080,-0.080,0
0,1.250,0.240,-0.090,0,2.10000,,,0,5.910000,,,0,-0.060,0.080,-0.090,0
0,1.250,0.030,-0.090,0,2.10000,,,0,5.910000,,,0,0.060,0.099,-0.097,0
0,1.250,0.090,-0.080,0,2.10000,,,0,5.910000,,,0,-0.090,0.163,-0.174,0
0,1.250,0.090,-0.080,0,2.10000,,,0,5.910000,,,0,0.050,0.136,-0.140,0
0,1.250,0.220,-0.110,0,2.10000,,,0,5.910000,,,0,-0.030,0.134,-0.173,0
0,1.250,0.190,-0.190,0,2.10000,,,0,5.910000,,,0,-0.020,0.099,-0.106,0
0,1.250,0.090,-0.090,0,2.10000,,,0,5.910000,,,0,0.050,0.104,-0.102,0
0,1.250,0.140,-0.140,0,2.10000,,,0,5.910000,,,0,-0.280,0.100,-0.100,0
0,1.250,0.220,-0.220,0,2.10000,,,0,5.910000,,,0,0.079,0.011,-0.011,0
0,1.250,0.190,-0.190,0,2.10000,,,0,5.910000,,,0,0.270,0.130,-0.130,0
0,1.250,0.100,-0.070,0,2.10000,,,0,5.910000,,,0,-0.010,0.092,-0.091,0
0,1.250,0.200,-0.140,0,2.10000,,,0,5.910000,,,0,-0.120,0.121,-0.129,0
0,1.250,0.080,-0.080,0,2.10000,,,0,5.910000,,,0,,,,
0,1.191,0.053,-0.075,0,1.82000,,,0,5.920000,,,0,0.068,0.198,-0.198,0
0,1.210,,,0,1.91000,0.26000,-0.25000,0,5.920000,,,0,-0.090,0.090,-0.090,0
0,1.190,,,0,1.81900,0.50100,-0.62900,0,5.930000,,,0,-0.100,0.040,-0.040,0
0,1.201,,,0,1.87000,,,0,5.930000,,,0,0.000,0.250,-0.300,0
0,1.244,0.098,-0.098,0,2.08000,,,0,5.940000,,,0,,,,
0,1.194,,,0,1.84000,,,0,5.940000,,,0,-0.340,0.150,-0.150,0
0,1.200,0.200,-0.100,0,1.87000,,,0,5.950000,,,0,0.006,0.120,-0.120,0
0,1.200,0.300,-0.300,0,1.87000,,,0,5.950000,,,0,-0.390,0.250,-0.250,0
0,1.180,,,0,1.78000,0.34000,-0.33000,0,5.950000,,,0,-0.300,0.120,-0.120,0
0,1.200,0.200,-0.200,0,1.87000,,,0,5.950000,,,0,0.000,0.100,-0.100,0
0,1.200,0.080,-0.070,0,1.87000,,,0,5.950000,,,0,-0.360,0.050,-0.050,0
0,1.200,0.220,-0.150,0,1.87000,,,0,5.950000,,,0,-0.050,0.156,-0.185,0
0,1.200,0.230,-0.110,0,1.87000,,,0,5.950000,,,0,0.020,0.135,-0.163,0
0,1.200,0.370,-0.160,0,1.87000,,,0,5.950000,,,0,0.010,0.123,-0.165,0
0,1.200,0.240,-0.240,0,1.87000,,,0,5.950000,,,0,0.021,0.013,-0.013,0
0,1.200,0.230,-0.230,0,1.87000,,,0,5.950000,,,0,-0.042,0.012,-0.012,0
0,1.200,0.070,-0.070,0,1.87000,,,0,5.950000,,,0,-0.040,0.089,-0.079,0
0,1.200,0.290,-0.290,0,1.87000,,,0,5.950000,,,0,-0.250,0.132,-0.132,0
0,1.200,0.060,-0.030,0,1.87000,,,0,5.950000,,,0,0.050,0.115,-0.107,0
0,1.200,0.160,-0.160,0,1.87000,,,0,5.950000,,,0,0.197,0.014,-0.014,0
0,1.200,0.190,-0.100,0,1.87000,,,0,5.950000,,,0,-0.010,0.135,-0.179,0
0,1.200,0.190,-0.190,0,1.87000,,,0,5.950000,,,0,-0.020,0.150,-0.150,0
0,1.200,0.060,-0.050,0,1.87000,,,0,5.950000,,,0,-0.150,0.120,-0.100,0
0,1.243,0.077,-0.072,0,2.08000,,,0,5.950000,,,0,-0.030,0.200,-0.200,0
0,1.230,,,0,2.02000,0.26000,-0.25000,0,5.960000,,,0,-0.270,0.090,-0.090,0
0,1.210,0.100,-0.060,0,1.92000,,,0,5.960000,,,0,-0.250,0.060,-0.060,0
0,1.210,0.140,-0.140,0,1.92000,,,0,5.960000,,,0,-0.370,0.050,-0.050,0
0,1.210,0.200,-0.120,0,1.92000,,,0,5.960000,,,0,-0.090,0.158,-0.195,0
0,1.210,0.100,-0.070,0,1.92000,,,0,5.960000,,,0,0.030,0.170,-0.175,0
0,1.210,0.240,-0.240,0,1.92000,,,0,5.960000,,,0,-0.216,0.013,-0.013,0
0,1.210,0.080,-0.080,0,1.92000,,,0,5.960000,,,0,0.050,0.104,-0.102,0
0,1.210,0.610,-0.610,0,1.92000,,,0,5.960000,,,0,-0.020,0.141,-0.153,0
0,1.210,0.030,-0.050,0,1.92000,,,0,5.960000,,,0,0.010,0.093,-0.095,0
0,1.210,0.060,-0.050,0,1.92000,,,0,5.960000,,,0,0.040,0.080,-0.080,0
0,1.210,0.270,-0.270,0,1.92000,,,0,5.960000,,,0,-0.180,0.100,-0.100,0
0,1.220,,,0,1.97000,0.19000,-0.19000,0,5.960000,,,0,,,,
0,1.240,0.370,-0.080,0,2.07000,,,0,5.970000,,,0,-0.100,0.132,-0.098,0
0,1.240,0.250,-0.260,0,2.07000,,,0,5.970000,,,0,0.090,0.101,-0.073,0
0,1.240,0.380,-0.130,0,2.07000,,,0,5.970000,,,0,0.110,0.155,-0.135,0
0,1.238,0.064,-0.064,0,2.06000,,,0,5.970000,,,0,0.020,0.067,-0.067,0
0,1.240,0.250,-0.250,0,2.07000,,,0,5.970000,,,0,-0.120,0.110,-0.112,0
0,1.240,0.100,-0.100,0,2.07000,,,0,5.970000,,,0,-0.070,0.108,-0.115,0
0,1.240,0.400,-0.400,0,2.07000,,,0,5.970000,,,0,-0.030,0.143,-0.152,0
0,1.240,0.620,-0.620,0,2.07000,,,0,5.970000,,,0,0.070,0.100,-0.100,0
0,1.240,0.490,-0.490,0,2.07000,,,0,5.970000,,,0,-0.178,0.013,-0.013,0
0,1.190,,,0,1.83000,0.68000,-0.26000,0,5.970000,,,0,-0.520,0.010,-0.010,0
0,1.239,,,0,2.07000,,,0,5.980000,,,0,-0.340,0.150,-0.150,0
0,1.215,,,0,1.95000,,,0,5.980000,,,0,0.160,0.150,-0.150,0
0,1.220,0.210,-0.170,0,1.98000,,,0,5.990000,,,0,-0.051,0.017,-0.017,0
0,1.210,,,0,1.93000,0.39000,-0.36000,0,5.990000,,,0,-0.110,0.020,-0.020,0
0,1.220,0.090,-0.050,0,1.98000,,,0,5.990000,,,0,-0.170,0.160,-0.200,0
0,1.220,0.180,-0.120,0,1.98000,,,0,5.990000,,,0,0.010,0.139,-0.160,0
0,1.220,0.060,-0.080,0,1.98000,,,0,5.990000,,,0,0.040,0.164,-0.166,0
0,1.220,0.280,-0.240,0,1.98000,,,0,5.990000,,,0,0.090,0.101,-0.073,0
0,1.216,,,0,1.96000,,,0,5.990000,,,0,0.070,0.150,-0.150,0
0,1.220,0.100,-0.100,0,1.98000,,,0,5.990000,,,0,-0.441,0.014,-0.014,0
0,1.220,0.490,-0.490,0,1.98000,,,0,5.990000,,,0,0.160,0.150,-0.150,0
0,1.220,0.640,-0.640,0,1.98000,,,0,5.990000,,,0,-0.010,0.144,-0.167,0
0,1.220,0.240,-0.240,0,1.98000,,,0,5.990000,,,0,-0.080,0.023,-0.023,0
0,1.220,0.090,-0.080,0,1.98000,,,0,5.990000,,,0,0.010,0.133,-0.155,0
0,1.220,0.100,-0.080,0,1.98000,,,0,5.990000,,,0,0.150,0.056,-0.063,0
0,1.219,,,0,1.98000,,,0,6.000000,,,0,0.180,0.150,-0.100,0
0,0.696,0.044,-0.044,0,0.35000,,,1,6.000000,,,1,,,,
0,1.233,0.057,-0.059,0,2.05000,,,0,6.010000,,,0,-0.205,0.235,-0.235,0
0,1.219,0.100,-0.073,0,1.98000,,,0,6.010000,,,0,-0.102,0.235,-0.235,0
0,1.227,,,0,2.02000,,,0,6.010000,,,0,-0.540,0.300,-0.300,0
0,1.227,,,0,2.02000,,,0,6.010000,,,0,0.070,0.150,-0.150,0
0,1.230,0.250,-0.250,0,2.04000,,,0,6.020000,,,0,,,,
0,1.230,0.070,-0.060,0,2.04000,,,0,6.020000,,,0,-0.020,0.098,-0.099,0
0,1.230,0.140,-0.100,0,2.04000,,,0,6.020000,,,0,0.130,0.097,-0.099,0
0,1.230,0.100,-0.080,0,2.04000,,,0,6.020000,,,0,-0.060,0.143,-0.158,0
0,1.230,0.090,-0.080,0,2.04000,,,0,6.020000,,,0,-0.020,0.154,-0.166,0
0,1.230,0.080,-0.060,0,2.04000,,,0,6.020000,,,0,0.040,0.152,-0.161,0
0,1.230,0.090,-0.100,0,2.04000,,,0,6.020000,,,0,-0.020,0.152,-0.166,0
0,1.230,0.280,-0.240,0,2.04000,,,0,6.020000,,,0,0.040,0.127,-0.131,0
0,1.230,0.120,-0.120,0,2.04000,,,0,6.020000,,,0,-0.130,0.088,-0.088,0
0,1.230,0.080,-0.070,0,2.04000,,,0,6.020000,,,0,-0.130,0.121,-0.122,0
0,1.230,0.150,-0.090,0,2.04000,,,0,6.020000,,,0,-0.030,0.140,-0.165,0
0,1.230,0.050,-0.050,0,2.04000,,,0,6.020000,,,0,0.050,0.088,-0.088,0
0,1.169,0.037,-0.038,0,1.76000,0.17000,-0.16000,0,6.070000,0.810000,-0.740000,0,-0.262,0.104,-0.104,0
0,1.332,0.072,-0.075,0,2.62000,0.48000,-0.46000,0,6.100000,1.800000,-1.500000,0,0.280,0.110,-0.130,0
0,1.285,0.067,-0.067,0,2.22000,0.39000,-0.45000,0,6.120000,1.160000,-1.650000,0,,,,
0,2.000,0.110,-0.100,0,8.32000,0.78000,-0.79000,0,6.150000,1.200000,-1.000000,0,-0.200,0.050,-0.050,0
0,1.240,0.023,-0.023,0,2.14000,0.34000,-0.34000,0,6.200000,1.000000,-1.000000,0,-0.430,0.040,-0.040,0
0,1.498,0.061,-0.049,0,3.83000,0.11000,-0.10000,0,6.260000,0.790000,-0.640000,0,-0.180,0.040,-0.040,0
0,1.808,0.026,-0.026,0,6.77000,0.57000,-0.57000,0,6.290000,0.600000,-0.600000,0,0.380,0.050,-0.050,0
0,1.130,0.056,-0.056,0,1.66000,0.23000,-0.23000,0,6.300000,1.300000,-1.300000,0,-0.120,0.150,-0.150,0
0,1.212,0.052,-0.046,0,2.10000,1.30000,-1.10000,0,6.300000,4.130000,-3.490000,0,-0.060,0.030,-0.030,0
0,1.970,1.110,-1.110,0,8.80000,7.40000,-5.70000,0,6.320000,,,0,-0.196,0.013,-0.013,0
0,1.602,0.055,-0.055,0,4.74000,0.19000,-0.19000,0,6.340000,0.720000,-0.720000,0,0.110,0.040,-0.040,0
0,1.950,0.090,-0.080,0,8.75000,1.09000,-1.08000,0,6.390000,1.190000,-1.040000,0,0.200,0.050,-0.050,0
0,1.875,0.029,-0.029,0,7.99000,0.32000,-0.33000,0,6.660000,0.430000,-0.400000,0,0.350,0.100,-0.100,0
0,1.242,0.051,-0.049,0,2.33000,0.20000,-0.20000,0,6.670000,1.030000,-0.890000,0,-0.130,0.190,-0.190,0
0,1.694,0.080,-0.077,0,5.90000,0.62000,-0.61000,0,6.700000,1.300000,-1.100000,0,0.330,0.160,-0.160,0
0,1.511,0.047,-0.047,0,4.36000,0.22000,-0.22000,0,6.950000,0.770000,-0.770000,0,0.110,0.040,-0.040,0
0,1.305,0.063,-0.067,0,2.82000,0.11000,-0.12000,0,7.000000,1.200000,-1.000000,0,0.070,0.160,-0.160,0
0,1.530,0.090,-0.070,0,6.75000,0.69000,-0.51000,0,7.040000,1.060000,-1.060000,0,0.040,0.080,-0.080,0
0,1.710,0.110,-0.110,0,6.54000,0.84000,-0.84000,0,7.100000,1.800000,-1.800000,0,0.078,0.020,-0.020,0
0,1.305,0.066,-0.061,0,2.87000,0.26000,-0.25000,0,7.100000,1.200000,-1.100000,0,-0.340,0.090,-0.090,0
0,1.577,0.027,-0.031,0,5.14000,0.47000,-0.47000,0,7.190000,0.810000,-0.760000,0,-0.260,0.090,-0.090,0
0,1.730,0.050,-0.040,0,6.90000,1.80000,-1.80000,0,7.200000,2.100000,-2.000000,0,-0.010,0.090,-0.090,0
0,1.900,0.200,-0.200,0,9.00000,0.30000,-0.30000,0,7.210000,,,0,0.060,0.200,-0.300,0
0,1.090,0.040,-0.040,0,1.75000,0.44000,-0.45000,0,7.300000,2.000000,-2.000000,0,-0.020,0.120,-0.120,0
0,1.613,0.071,-0.071,0,5.72000,0.36000,-0.35000,0,7.470000,1.200000,-1.000000,0,0.255,0.065,-0.065,0
0,0.750,0.067,-0.057,0,0.55000,0.21000,-0.20000,0,7.500000,3.900000,-3.100000,0,-0.200,0.050,-0.050,0
0,0.818,0.080,-0.065,0,0.72000,0.28000,-0.27000,0,7.500000,3.900000,-3.000000,0,-0.200,0.050,-0.050,0
0,0.821,0.022,-0.022,0,0.76000,,,1,7.500000,,,1,0.070,0.080,-0.080,0
0,0.979,0.019,-0.019,0,1.30000,,,1,7.500000,,,1,0.110,0.060,-0.060,0
0,1.397,0.064,-0.064,0,3.87000,0.71000,-0.71000,0,7.800000,,,0,0.130,0.060,-0.060,0
0,0.530,0.022,-0.019,0,0.20000,0.50000,-0.10000,0,7.900000,20.600000,-5.700000,0,-0.550,0.070,-0.070,0
0,1.510,0.050,-0.050,0,4.97000,0.35000,-0.34000,0,7.930000,1.000000,-0.910000,0,0.000,0.060,-0.060,0
0,1.478,0.019,-0.019,0,4.66000,0.53000,-0.53000,0,7.930000,0.960000,-0.940000,0,-0.180,0.100,-0.100,0
0,1.430,0.080,-0.080,0,4.30000,1.40000,-1.40000,0,8.000000,3.100000,-2.700000,0,-0.030,0.040,-0.040,0
0,1.280,0.040,-0.040,0,3.07000,0.35000,-0.35000,0,8.000000,1.000000,-1.000000,0,0.200,0.050,-0.050,0
0,1.635,0.046,-0.046,0,6.38000,0.46000,-0.44000,0,8.040000,0.840000,-0.800000,0,-0.262,0.104,-0.104,0
0,1.720,0.070,-0.070,0,7.42000,1.09000,-1.09000,0,8.060000,1.530000,-1.530000,0,-0.070,0.060,-0.060,0
0,0.718,0.054,-0.054,0,0.54600,0.07800,-0.07800,0,8.106000,2.165000,-2.165000,0,-0.010,0.120,-0.120,0
0,1.750,0.170,-0.100,0,8.00000,1.60000,-1.60000,0,8.200000,2.800000,-2.200000,0,0.000,0.070,-0.070,0
0,1.381,0.035,-0.035,0,3.90000,,,1,8.200000,,,1,-0.140,0.050,-0.050,0
0,0.952,0.047,-0.087,0,1.40000,,,1,8.400000,,,1,0.070,0.080,-0.080,0
0,1.280,0.038,-0.039,0,3.21000,0.24000,-0.24000,0,8.410000,,,0,-0.040,0.070,-0.070,0
0,1.725,0.039,-0.039,0,8.21000,0.76000,-0.74000,0,8.770000,1.000000,-0.940000,0,0.110,0.050,-0.050,0
0,1.690,0.085,-0.058,0,7.90000,1.30000,-1.30000,0,8.800000,1.900000,-1.700000,0,-0.040,0.070,-0.070,0
0,1.589,0.095,-0.072,0,6.49000,1.16000,-1.16000,0,8.840000,2.500000,-2.030000,0,0.080,0.040,-0.050,0
0,1.000,0.020,-0.020,0,2.49000,0.42000,-0.43000,0,8.900000,2.100000,-2.100000,0,-0.090,0.020,-0.020,0
0,1.745,0.051,-0.052,0,8.83000,0.66000,-0.65000,0,9.150000,1.100000,-1.000000,0,-0.040,0.030,-0.030,0
0,1.640,0.060,-0.060,0,7.51000,1.09000,-1.01000,0,9.300000,1.810000,-1.580000,0,0.150,0.100,-0.100,0
0,1.655,0.096,-0.096,0,7.70000,1.20000,-1.10000,0,9.300000,2.400000,-1.900000,0,0.235,0.070,-0.070,0
0,1.639,0.019,-0.015,0,7.50000,1.30000,-1.30000,0,9.300000,1.600000,-1.600000,0,-0.030,0.100,-0.100,0
0,1.791,0.116,-0.081,0,9.95000,1.36000,-1.30000,0,9.320000,2.050000,-1.850000,0,-0.080,0.090,-0.090,0
0,1.681,0.112,-0.112,0,4.07661,1.01982,-1.01982,0,9.355000,0.235000,-0.235000,0,0.050,,,0
0,1.773,0.053,-0.030,0,9.70000,1.30000,-1.30000,0,9.400000,1.500000,-1.400000,0,0.070,0.080,-0.080,0
0,1.570,0.040,-0.040,0,6.80000,3.40000,-3.20000,0,9.600000,5.000000,-4.600000,0,-0.140,0.050,-0.050,0
0,1.390,0.090,-0.090,0,4.60000,0.56000,-0.56000,0,9.600000,2.400000,-1.800000,0,0.040,0.170,-0.170,0
0,1.130,0.050,-0.050,0,2.23000,0.50000,-0.84000,0,9.950000,0.050000,-4.620000,0,0.080,0.150,-0.150,0
0,1.190,0.240,-0.190,0,9.20000,,,1,10.000000,,,1,-0.543,0.013,-0.013,0
0,1.310,0.060,-0.050,0,4.04000,0.55000,-0.55000,0,10.490000,2.080000,-1.820000,0,-0.030,0.040,-0.040,0
0,1.250,0.190,-0.170,0,3.78000,,,1,10.500000,,,1,0.330,0.070,-0.070,0
0,0.982,0.064,-0.063,0,1.40000,,,1,10.600000,,,1,,,,
0,1.154,0.058,-0.058,0,3.00000,1.30000,-1.30000,0,10.700000,5.100000,-4.600000,0,0.110,0.040,-0.040,0
0,1.480,0.080,-0.080,0,6.15000,1.30000,-1.30000,0,10.900000,2.820000,-2.820000,0,0.180,0.070,-0.070,0
0,1.310,0.070,-0.070,0,4.60000,0.92000,-0.85000,0,11.200000,3.000000,-2.560000,0,-0.190,0.100,-0.100,0
0,1.430,0.030,-0.030,0,6.35000,1.40000,-1.40000,0,11.820000,2.700000,-2.700000,0,0.180,0.070,-0.070,0
0,1.560,0.070,-0.070,0,8.50000,7.20000,-6.30000,0,12.300000,,,0,-0.029,0.014,-0.014,0
0,1.320,0.040,-0.040,0,7.34000,3.20000,-3.20000,0,14.250000,6.330000,-6.330000,0,0.020,0.100,-0.100,0
0,0.755,0.033,-0.055,0,1.30000,,,1,15.000000,,,1,-0.360,0.050,-0.050,0
0,1.230,0.040,-0.040,0,5.30000,3.30000,-2.90000,0,15.700000,,,0,-0.441,0.014,-0.014,0
0,1.350,0.042,-0.042,0,7.80000,3.20000,-3.20000,0,17.400000,,,0,0.100,0.040,-0.040,0
0,1.009,0.024,-0.024,0,3.30000,1.70000,-1.00000,0,17.700000,,,0,0.406,0.058,-0.058,0
0,0.868,0.051,-0.050,0,2.11000,0.59000,-0.65000,0,18.400000,6.500000,-5.900000,0,0.230,0.010,-0.010,0
0,1.260,0.130,-0.130,0,6.80000,4.30000,-3.60000,0,18.700000,,,0,0.229,0.015,-0.015,0
0,0.853,0.039,-0.026,0,2.40000,,,1,19.000000,,,1,0.010,0.060,-0.060,0
0,1.199,0.043,-0.043,0,6.00000,,,1,19.000000,,,1,0.050,0.070,-0.070,0
0,1.210,0.090,-0.090,0,6.90000,8.50000,-5.90000,0,21.400000,,,0,0.239,0.013,-0.013,0
0,0.802,0.042,-0.041,0,2.02000,0.56000,-0.62000,0,22.200000,7.900000,-7.200000,0,0.230,0.010,-0.010,0
0,1.014,0.050,-0.049,0,4.30000,,,1,24.000000,,,1,-0.020,0.080,-0.080,0
0,0.850,0.030,-0.030,0,2.71000,1.80000,-1.80000,0,24.390000,16.130000,-16.130000,0,0.180,0.070,-0.070,0
0,1.150,0.520,-0.520,0,7.30000,7.80000,-6.20000,0,26.400000,,,0,0.033,0.034,-0.034,0
0,0.892,0.064,-0.058,0,3.70000,,,1,31.930000,,,1,0.003,0.060,-0.060,0
0,0.861,0.022,-0.022,0,4.30000,,,1,37.000000,,,1,0.110,0.040,-0.040,0
0,0.567,0.028,-0.028,0,1.70000,,,1,52.000000,,,1,0.110,0.040,-0.040,0
0,0.460,0.026,-0.026,0,1.10000,,,1,62.000000,,,1,0.110,0.040,-0.040,0
0,0.860,0.060,-0.060,0,7.70000,,,1,67.000000,,,1,0.321,0.065,-0.065,0
0,0.840,0.070,-0.070,0,8.25000,5.90000,-5.90000,0,77.700000,55.000000,-55.000000,0,0.120,0.070,-0.070,0
0,0.310,0.006,-0.008,0,0.79000,,,1,140.000000,,,1,-0.360,0.050,-0.050,0
